SMQ,ODD,IDD,SPREAD,FOCUS,ICF,ECF,REI,CHM,CHD,module,scoh,scop,odd,idd,spread,focus,icf,ecf,rei,chm,chd,DSM,NOI,NOID,class,c_chm,c_chd,CBC,c_FAN_IN,c_FAN_OUT,IDCC,IODD,IIDD,EDCC,NOP,NAC,NDC,NOI,NOID,RFC,NOSI,CTM,c_variablesQty,NOM,WMC,privateMethodsQty,NOVM,CIS,protectedMethodsQty,staticMethodsQty,defaultMethodsQty,abstractMethodsQty,finalMethodsQty,synchronizedMethodsQty,NOF,publicFieldsQty,privateFieldsQty,protectedFieldsQty,staticFieldsQty,defaultFieldsQty,finalFieldsQty,synchronizedFieldsQty,TCC,LCC,LCOM,LOCM1,c_modifiers
-0.0571,0.0022,0.0022,0.0,0.0,0.0,0.0,0.0,0.0,0.0,/Users/dzf/Desktop/research/Embedded-c/Super-Simple-Tasker-main/3rd_party/nucleo-h743zi/core_cm7.h,0.0,0.0,0.0,0.0,0,0,0,0,0,0,0,13,4,1,APSR_Type::[unnamed],0,0,0,0,0,0,0,0,0,0,0,0,0,0,0,0,0,0,0,0,0,0,0,0,0,0,0,0,0,0,0,0,0,0,0,0,0,0,0,0,0,0
-0.0571,0.0022,0.0022,0.0,0.0,0.0,0.0,0.0,0.0,0.0,/Users/dzf/Desktop/research/Embedded-c/Super-Simple-Tasker-main/3rd_party/nucleo-h743zi/core_cm7.h,0.0,0.0,0.0,0.0,0,0,0,0,0,0,0,13,4,1,IPSR_Type::[unnamed],0,0,0,0,0,0,0,0,0,0,0,0,0,0,0,0,0,0,0,0,0,0,0,0,0,0,0,0,0,0,0,0,0,0,0,0,0,0,0,0,0,0
-0.0571,0.0022,0.0022,0.0,0.0,0.0,0.0,0.0,0.0,0.0,/Users/dzf/Desktop/research/Embedded-c/Super-Simple-Tasker-main/3rd_party/nucleo-h743zi/core_cm7.h,0.0,0.0,0.0,0.0,0,0,0,0,0,0,0,13,4,1,xPSR_Type::[unnamed],0,0,0,0,0,0,0,0,0,0,0,0,0,0,0,0,0,0,0,0,0,0,0,0,0,0,0,0,0,0,0,0,0,0,0,0,0,0,0,0,0,0
-0.0571,0.0022,0.0022,0.0,0.0,0.0,0.0,0.0,0.0,0.0,/Users/dzf/Desktop/research/Embedded-c/Super-Simple-Tasker-main/3rd_party/nucleo-h743zi/core_cm7.h,0.0,0.0,0.0,0.0,0,0,0,0,0,0,0,13,4,1,CONTROL_Type::[unnamed],0,0,0,0,0,0,0,0,0,0,0,0,0,0,0,0,0,0,0,0,0,0,0,0,0,0,0,0,0,0,0,0,0,0,0,0,0,0,0,0,0,0
-0.0571,0.0022,0.0022,0.0,0.0,0.0,0.0,0.0,0.0,0.0,/Users/dzf/Desktop/research/Embedded-c/Super-Simple-Tasker-main/3rd_party/nucleo-h743zi/core_cm7.h,0.0,0.0,0.0,0.0,0,0,0,0,0,0,0,13,4,1,NVIC_Type,0,0,0,0,0,0,0,0,0,0,0,0,0,0,0,0,0,0,0,0,0,0,0,0,0,0,0,0,0,0,0,0,0,0,0,0,0,0,0,0,0,0
-0.0571,0.0022,0.0022,0.0,0.0,0.0,0.0,0.0,0.0,0.0,/Users/dzf/Desktop/research/Embedded-c/Super-Simple-Tasker-main/3rd_party/nucleo-h743zi/core_cm7.h,0.0,0.0,0.0,0.0,0,0,0,0,0,0,0,13,4,1,SCB_Type,0,0,0,0,0,0,0,0,0,0,0,0,0,0,0,0,0,0,0,0,0,0,0,0,0,0,0,0,0,0,0,0,0,0,0,0,0,0,0,0,0,0
-0.0571,0.0022,0.0022,0.0,0.0,0.0,0.0,0.0,0.0,0.0,/Users/dzf/Desktop/research/Embedded-c/Super-Simple-Tasker-main/3rd_party/nucleo-h743zi/core_cm7.h,0.0,0.0,0.0,0.0,0,0,0,0,0,0,0,13,4,1,SCnSCB_Type,0,0,0,0,0,0,0,0,0,0,0,0,0,0,0,0,0,0,0,0,0,0,0,0,0,0,0,0,0,0,0,0,0,0,0,0,0,0,0,0,0,0
-0.0571,0.0022,0.0022,0.0,0.0,0.0,0.0,0.0,0.0,0.0,/Users/dzf/Desktop/research/Embedded-c/Super-Simple-Tasker-main/3rd_party/nucleo-h743zi/core_cm7.h,0.0,0.0,0.0,0.0,0,0,0,0,0,0,0,13,4,1,SysTick_Type,0,0,0,0,0,0,0,0,0,0,0,0,0,0,0,0,0,0,0,0,0,0,0,0,0,0,0,0,0,0,0,0,0,0,0,0,0,0,0,0,0,0
-0.0571,0.0022,0.0022,0.0,0.0,0.0,0.0,0.0,0.0,0.0,/Users/dzf/Desktop/research/Embedded-c/Super-Simple-Tasker-main/3rd_party/nucleo-h743zi/core_cm7.h,0.0,0.0,0.0,0.0,0,0,0,0,0,0,0,13,4,1,ITM_Type,0,0,0,0,0,0,0,0,0,0,0,0,0,0,0,0,0,0,0,0,0,0,0,0,0,0,0,0,0,0,0,0,0,0,0,0,0,0,0,0,0,0
-0.0571,0.0022,0.0022,0.0,0.0,0.0,0.0,0.0,0.0,0.0,/Users/dzf/Desktop/research/Embedded-c/Super-Simple-Tasker-main/3rd_party/nucleo-h743zi/core_cm7.h,0.0,0.0,0.0,0.0,0,0,0,0,0,0,0,13,4,1,DWT_Type,0,0,0,0,0,0,0,0,0,0,0,0,0,0,0,0,0,0,0,0,0,0,0,0,0,0,0,0,0,0,0,0,0,0,0,0,0,0,0,0,0,0
-0.0571,0.0022,0.0022,0.0,0.0,0.0,0.0,0.0,0.0,0.0,/Users/dzf/Desktop/research/Embedded-c/Super-Simple-Tasker-main/3rd_party/nucleo-h743zi/core_cm7.h,0.0,0.0,0.0,0.0,0,0,0,0,0,0,0,13,4,1,TPI_Type,0,0,0,0,0,0,0,0,0,0,0,0,0,0,0,0,0,0,0,0,0,0,0,0,0,0,0,0,0,0,0,0,0,0,0,0,0,0,0,0,0,0
-0.0571,0.0022,0.0022,0.0,0.0,0.0,0.0,0.0,0.0,0.0,/Users/dzf/Desktop/research/Embedded-c/Super-Simple-Tasker-main/3rd_party/nucleo-h743zi/core_cm7.h,0.0,0.0,0.0,0.0,0,0,0,0,0,0,0,13,4,1,FPU_Type,0,0,0,0,0,0,0,0,0,0,0,0,0,0,0,0,0,0,0,0,0,0,0,0,0,0,0,0,0,0,0,0,0,0,0,0,0,0,0,0,0,0
-0.0571,0.0022,0.0022,0.0,0.0,0.0,0.0,0.0,0.0,0.0,/Users/dzf/Desktop/research/Embedded-c/Super-Simple-Tasker-main/3rd_party/nucleo-h743zi/core_cm7.h,0.0,0.0,0.0,0.0,0,0,0,0,0,0,0,13,4,1,CoreDebug_Type,0,0,0,0,0,0,0,0,0,0,0,0,0,0,0,0,0,0,0,0,0,0,0,0,0,0,0,0,0,0,0,0,0,0,0,0,0,0,0,0,0,0
-0.0571,0.0022,0.0022,0.0,0.0,0.0,0.0,0.0,0.0,0.0,/Users/dzf/Desktop/research/Embedded-c/Super-Simple-Tasker-main/3rd_party/nucleo-h743zi/mpu_armv7.h,0.0,0.0,0.0,0.0,0,0,0,0,0,0,0,1,0,1,ARM_MPU_Region_t,0,0,0,0,0,0,0,0,0,0,0,0,0,0,0,0,0,0,0,0,0,0,0,0,0,0,0,0,0,0,0,0,0,0,0,0,0,0,0,0,0,0
-0.0571,0.0022,0.0022,0.0,0.0,0.0,0.0,0.0,0.0,0.0,/Users/dzf/Desktop/research/Embedded-c/Super-Simple-Tasker-main/3rd_party/nucleo-h743zi/cmsis_armclang.h,0.0,0.0,0.0,0.0,0,0,0,0,0,0,0,5,0,1,T_UINT32,0,0,0,0,0,0,0,0,0,0,0,0,0,0,0,0,0,0,0,0,0,0,0,0,0,0,0,0,0,0,0,0,0,0,0,0,0,0,0,0,0,0
-0.0571,0.0022,0.0022,0.0,0.0,0.0,0.0,0.0,0.0,0.0,/Users/dzf/Desktop/research/Embedded-c/Super-Simple-Tasker-main/3rd_party/nucleo-h743zi/cmsis_armclang.h,0.0,0.0,0.0,0.0,0,0,0,0,0,0,0,5,0,1,T_UINT16_WRITE,0,0,0,0,0,0,0,0,0,0,0,0,0,0,0,0,0,0,0,0,0,0,0,0,0,0,0,0,0,0,0,0,0,0,0,0,0,0,0,0,0,0
-0.0571,0.0022,0.0022,0.0,0.0,0.0,0.0,0.0,0.0,0.0,/Users/dzf/Desktop/research/Embedded-c/Super-Simple-Tasker-main/3rd_party/nucleo-h743zi/cmsis_armclang.h,0.0,0.0,0.0,0.0,0,0,0,0,0,0,0,5,0,1,T_UINT16_READ,0,0,0,0,0,0,0,0,0,0,0,0,0,0,0,0,0,0,0,0,0,0,0,0,0,0,0,0,0,0,0,0,0,0,0,0,0,0,0,0,0,0
-0.0571,0.0022,0.0022,0.0,0.0,0.0,0.0,0.0,0.0,0.0,/Users/dzf/Desktop/research/Embedded-c/Super-Simple-Tasker-main/3rd_party/nucleo-h743zi/cmsis_armclang.h,0.0,0.0,0.0,0.0,0,0,0,0,0,0,0,5,0,1,T_UINT32_WRITE,0,0,0,0,0,0,0,0,0,0,0,0,0,0,0,0,0,0,0,0,0,0,0,0,0,0,0,0,0,0,0,0,0,0,0,0,0,0,0,0,0,0
-0.0571,0.0022,0.0022,0.0,0.0,0.0,0.0,0.0,0.0,0.0,/Users/dzf/Desktop/research/Embedded-c/Super-Simple-Tasker-main/3rd_party/nucleo-h743zi/cmsis_armclang.h,0.0,0.0,0.0,0.0,0,0,0,0,0,0,0,5,0,1,T_UINT32_READ,0,0,0,0,0,0,0,0,0,0,0,0,0,0,0,0,0,0,0,0,0,0,0,0,0,0,0,0,0,0,0,0,0,0,0,0,0,0,0,0,0,0
-0.0571,0.0022,0.0022,0.0,0.0,0.0,0.0,0.0,0.0,0.0,/Users/dzf/Desktop/research/Embedded-c/Super-Simple-Tasker-main/3rd_party/nucleo-h743zi/cmsis_iccarm.h,0.0,0.0,0.0,0.0,0,0,0,0,0,0,0,1,0,1,__iar_u32,0,0,0,0,0,0,0,0,0,0,0,0,0,0,0,0,0,0,0,0,0,0,0,0,0,0,0,0,0,0,0,0,0,0,0,0,0,0,0,0,0,0
-0.0571,0.0022,0.0022,0.0,0.0,0.0,0.0,0.0,0.0,0.0,/Users/dzf/Desktop/research/Embedded-c/Super-Simple-Tasker-main/3rd_party/nucleo-h743zi/cmsis_gcc.h,0.0,0.0,0.0,0.0,0,0,0,0,0,0,0,7,0,1,T_UINT32,0,0,0,0,0,0,0,0,0,0,0,0,0,0,0,0,0,0,0,0,0,0,0,0,0,0,0,0,0,0,0,0,0,0,0,0,0,0,0,0,0,0
-0.0571,0.0022,0.0022,0.0,0.0,0.0,0.0,0.0,0.0,0.0,/Users/dzf/Desktop/research/Embedded-c/Super-Simple-Tasker-main/3rd_party/nucleo-h743zi/cmsis_gcc.h,0.0,0.0,0.0,0.0,0,0,0,0,0,0,0,7,0,1,T_UINT16_WRITE,0,0,0,0,0,0,0,0,0,0,0,0,0,0,0,0,0,0,0,0,0,0,0,0,0,0,0,0,0,0,0,0,0,0,0,0,0,0,0,0,0,0
-0.0571,0.0022,0.0022,0.0,0.0,0.0,0.0,0.0,0.0,0.0,/Users/dzf/Desktop/research/Embedded-c/Super-Simple-Tasker-main/3rd_party/nucleo-h743zi/cmsis_gcc.h,0.0,0.0,0.0,0.0,0,0,0,0,0,0,0,7,0,1,T_UINT16_READ,0,0,0,0,0,0,0,0,0,0,0,0,0,0,0,0,0,0,0,0,0,0,0,0,0,0,0,0,0,0,0,0,0,0,0,0,0,0,0,0,0,0
-0.0571,0.0022,0.0022,0.0,0.0,0.0,0.0,0.0,0.0,0.0,/Users/dzf/Desktop/research/Embedded-c/Super-Simple-Tasker-main/3rd_party/nucleo-h743zi/cmsis_gcc.h,0.0,0.0,0.0,0.0,0,0,0,0,0,0,0,7,0,1,T_UINT32_WRITE,0,0,0,0,0,0,0,0,0,0,0,0,0,0,0,0,0,0,0,0,0,0,0,0,0,0,0,0,0,0,0,0,0,0,0,0,0,0,0,0,0,0
-0.0571,0.0022,0.0022,0.0,0.0,0.0,0.0,0.0,0.0,0.0,/Users/dzf/Desktop/research/Embedded-c/Super-Simple-Tasker-main/3rd_party/nucleo-h743zi/cmsis_gcc.h,0.0,0.0,0.0,0.0,0,0,0,0,0,0,0,7,0,1,T_UINT32_READ,0,0,0,0,0,0,0,0,0,0,0,0,0,0,0,0,0,0,0,0,0,0,0,0,0,0,0,0,0,0,0,0,0,0,0,0,0,0,0,0,0,0
-0.0571,0.0022,0.0022,0.0,0.0,0.0,0.0,0.0,0.0,0.0,/Users/dzf/Desktop/research/Embedded-c/Super-Simple-Tasker-main/3rd_party/nucleo-h743zi/cmsis_gcc.h,0.0,0.0,0.0,0.0,0,0,0,0,0,0,0,7,0,1,__cmsis_start::__copy_table_t,0,0,0,0,0,0,0,0,0,0,0,0,0,0,0,0,0,0,0,0,0,0,0,0,0,0,0,0,0,0,0,0,0,0,0,0,0,0,0,0,0,0
-0.0571,0.0022,0.0022,0.0,0.0,0.0,0.0,0.0,0.0,0.0,/Users/dzf/Desktop/research/Embedded-c/Super-Simple-Tasker-main/3rd_party/nucleo-h743zi/cmsis_gcc.h,0.0,0.0,0.0,0.0,0,0,0,0,0,0,0,7,0,1,__cmsis_start::__zero_table_t,0,0,0,0,0,0,0,0,0,0,0,0,0,0,0,0,0,0,0,0,0,0,0,0,0,0,0,0,0,0,0,0,0,0,0,0,0,0,0,0,0,0
-0.0571,0.0022,0.0022,0.0,0.0,0.0,0.0,0.0,0.0,0.0,/Users/dzf/Desktop/research/Embedded-c/Super-Simple-Tasker-main/3rd_party/nucleo-h743zi/stm32h743xx.h,0.0,0.0,0.0,0.0,0,0,0,0,0,0,0,77,2,1,ADC_TypeDef,0,0,0,0,0,0,0,0,0,0,0,0,0,0,0,0,0,0,0,0,0,0,0,0,0,0,0,0,0,0,0,0,0,0,0,0,0,0,0,0,0,0
-0.0571,0.0022,0.0022,0.0,0.0,0.0,0.0,0.0,0.0,0.0,/Users/dzf/Desktop/research/Embedded-c/Super-Simple-Tasker-main/3rd_party/nucleo-h743zi/stm32h743xx.h,0.0,0.0,0.0,0.0,0,0,0,0,0,0,0,77,2,1,ADC_Common_TypeDef,0,0,0,0,0,0,0,0,0,0,0,0,0,0,0,0,0,0,0,0,0,0,0,0,0,0,0,0,0,0,0,0,0,0,0,0,0,0,0,0,0,0
-0.0571,0.0022,0.0022,0.0,0.0,0.0,0.0,0.0,0.0,0.0,/Users/dzf/Desktop/research/Embedded-c/Super-Simple-Tasker-main/3rd_party/nucleo-h743zi/stm32h743xx.h,0.0,0.0,0.0,0.0,0,0,0,0,0,0,0,77,2,1,VREFBUF_TypeDef,0,0,0,0,0,0,0,0,0,0,0,0,0,0,0,0,0,0,0,0,0,0,0,0,0,0,0,0,0,0,0,0,0,0,0,0,0,0,0,0,0,0
-0.0571,0.0022,0.0022,0.0,0.0,0.0,0.0,0.0,0.0,0.0,/Users/dzf/Desktop/research/Embedded-c/Super-Simple-Tasker-main/3rd_party/nucleo-h743zi/stm32h743xx.h,0.0,0.0,0.0,0.0,0,0,0,0,0,0,0,77,2,1,FDCAN_GlobalTypeDef,0,0,0,0,0,0,0,0,0,0,0,0,0,0,0,0,0,0,0,0,0,0,0,0,0,0,0,0,0,0,0,0,0,0,0,0,0,0,0,0,0,0
-0.0571,0.0022,0.0022,0.0,0.0,0.0,0.0,0.0,0.0,0.0,/Users/dzf/Desktop/research/Embedded-c/Super-Simple-Tasker-main/3rd_party/nucleo-h743zi/stm32h743xx.h,0.0,0.0,0.0,0.0,0,0,0,0,0,0,0,77,2,1,TTCAN_TypeDef,0,0,0,0,0,0,0,0,0,0,0,0,0,0,0,0,0,0,0,0,0,0,0,0,0,0,0,0,0,0,0,0,0,0,0,0,0,0,0,0,0,0
-0.0571,0.0022,0.0022,0.0,0.0,0.0,0.0,0.0,0.0,0.0,/Users/dzf/Desktop/research/Embedded-c/Super-Simple-Tasker-main/3rd_party/nucleo-h743zi/stm32h743xx.h,0.0,0.0,0.0,0.0,0,0,0,0,0,0,0,77,2,1,FDCAN_ClockCalibrationUnit_TypeDef,0,0,0,0,0,0,0,0,0,0,0,0,0,0,0,0,0,0,0,0,0,0,0,0,0,0,0,0,0,0,0,0,0,0,0,0,0,0,0,0,0,0
-0.0571,0.0022,0.0022,0.0,0.0,0.0,0.0,0.0,0.0,0.0,/Users/dzf/Desktop/research/Embedded-c/Super-Simple-Tasker-main/3rd_party/nucleo-h743zi/stm32h743xx.h,0.0,0.0,0.0,0.0,0,0,0,0,0,0,0,77,2,1,CEC_TypeDef,0,0,0,0,0,0,0,0,0,0,0,0,0,0,0,0,0,0,0,0,0,0,0,0,0,0,0,0,0,0,0,0,0,0,0,0,0,0,0,0,0,0
-0.0571,0.0022,0.0022,0.0,0.0,0.0,0.0,0.0,0.0,0.0,/Users/dzf/Desktop/research/Embedded-c/Super-Simple-Tasker-main/3rd_party/nucleo-h743zi/stm32h743xx.h,0.0,0.0,0.0,0.0,0,0,0,0,0,0,0,77,2,1,CRC_TypeDef,0,0,0,0,0,0,0,0,0,0,0,0,0,0,0,0,0,0,0,0,0,0,0,0,0,0,0,0,0,0,0,0,0,0,0,0,0,0,0,0,0,0
-0.0571,0.0022,0.0022,0.0,0.0,0.0,0.0,0.0,0.0,0.0,/Users/dzf/Desktop/research/Embedded-c/Super-Simple-Tasker-main/3rd_party/nucleo-h743zi/stm32h743xx.h,0.0,0.0,0.0,0.0,0,0,0,0,0,0,0,77,2,1,CRS_TypeDef,0,0,0,0,0,0,0,0,0,0,0,0,0,0,0,0,0,0,0,0,0,0,0,0,0,0,0,0,0,0,0,0,0,0,0,0,0,0,0,0,0,0
-0.0571,0.0022,0.0022,0.0,0.0,0.0,0.0,0.0,0.0,0.0,/Users/dzf/Desktop/research/Embedded-c/Super-Simple-Tasker-main/3rd_party/nucleo-h743zi/stm32h743xx.h,0.0,0.0,0.0,0.0,0,0,0,0,0,0,0,77,2,1,DAC_TypeDef,0,0,0,0,0,0,0,0,0,0,0,0,0,0,0,0,0,0,0,0,0,0,0,0,0,0,0,0,0,0,0,0,0,0,0,0,0,0,0,0,0,0
-0.0571,0.0022,0.0022,0.0,0.0,0.0,0.0,0.0,0.0,0.0,/Users/dzf/Desktop/research/Embedded-c/Super-Simple-Tasker-main/3rd_party/nucleo-h743zi/stm32h743xx.h,0.0,0.0,0.0,0.0,0,0,0,0,0,0,0,77,2,1,DFSDM_Filter_TypeDef,0,0,0,0,0,0,0,0,0,0,0,0,0,0,0,0,0,0,0,0,0,0,0,0,0,0,0,0,0,0,0,0,0,0,0,0,0,0,0,0,0,0
-0.0571,0.0022,0.0022,0.0,0.0,0.0,0.0,0.0,0.0,0.0,/Users/dzf/Desktop/research/Embedded-c/Super-Simple-Tasker-main/3rd_party/nucleo-h743zi/stm32h743xx.h,0.0,0.0,0.0,0.0,0,0,0,0,0,0,0,77,2,1,DFSDM_Channel_TypeDef,0,0,0,0,0,0,0,0,0,0,0,0,0,0,0,0,0,0,0,0,0,0,0,0,0,0,0,0,0,0,0,0,0,0,0,0,0,0,0,0,0,0
-0.0571,0.0022,0.0022,0.0,0.0,0.0,0.0,0.0,0.0,0.0,/Users/dzf/Desktop/research/Embedded-c/Super-Simple-Tasker-main/3rd_party/nucleo-h743zi/stm32h743xx.h,0.0,0.0,0.0,0.0,0,0,0,0,0,0,0,77,2,1,DBGMCU_TypeDef,0,0,0,0,0,0,0,0,0,0,0,0,0,0,0,0,0,0,0,0,0,0,0,0,0,0,0,0,0,0,0,0,0,0,0,0,0,0,0,0,0,0
-0.0571,0.0022,0.0022,0.0,0.0,0.0,0.0,0.0,0.0,0.0,/Users/dzf/Desktop/research/Embedded-c/Super-Simple-Tasker-main/3rd_party/nucleo-h743zi/stm32h743xx.h,0.0,0.0,0.0,0.0,0,0,0,0,0,0,0,77,2,1,DCMI_TypeDef,0,0,0,0,0,0,0,0,0,0,0,0,0,0,0,0,0,0,0,0,0,0,0,0,0,0,0,0,0,0,0,0,0,0,0,0,0,0,0,0,0,0
-0.0571,0.0022,0.0022,0.0,0.0,0.0,0.0,0.0,0.0,0.0,/Users/dzf/Desktop/research/Embedded-c/Super-Simple-Tasker-main/3rd_party/nucleo-h743zi/stm32h743xx.h,0.0,0.0,0.0,0.0,0,0,0,0,0,0,0,77,2,1,DMA_Stream_TypeDef,0,0,0,0,0,0,0,0,0,0,0,0,0,0,0,0,0,0,0,0,0,0,0,0,0,0,0,0,0,0,0,0,0,0,0,0,0,0,0,0,0,0
-0.0571,0.0022,0.0022,0.0,0.0,0.0,0.0,0.0,0.0,0.0,/Users/dzf/Desktop/research/Embedded-c/Super-Simple-Tasker-main/3rd_party/nucleo-h743zi/stm32h743xx.h,0.0,0.0,0.0,0.0,0,0,0,0,0,0,0,77,2,1,DMA_TypeDef,0,0,0,0,0,0,0,0,0,0,0,0,0,0,0,0,0,0,0,0,0,0,0,0,0,0,0,0,0,0,0,0,0,0,0,0,0,0,0,0,0,0
-0.0571,0.0022,0.0022,0.0,0.0,0.0,0.0,0.0,0.0,0.0,/Users/dzf/Desktop/research/Embedded-c/Super-Simple-Tasker-main/3rd_party/nucleo-h743zi/stm32h743xx.h,0.0,0.0,0.0,0.0,0,0,0,0,0,0,0,77,2,1,BDMA_Channel_TypeDef,0,0,0,0,0,0,0,0,0,0,0,0,0,0,0,0,0,0,0,0,0,0,0,0,0,0,0,0,0,0,0,0,0,0,0,0,0,0,0,0,0,0
-0.0571,0.0022,0.0022,0.0,0.0,0.0,0.0,0.0,0.0,0.0,/Users/dzf/Desktop/research/Embedded-c/Super-Simple-Tasker-main/3rd_party/nucleo-h743zi/stm32h743xx.h,0.0,0.0,0.0,0.0,0,0,0,0,0,0,0,77,2,1,BDMA_TypeDef,0,0,0,0,0,0,0,0,0,0,0,0,0,0,0,0,0,0,0,0,0,0,0,0,0,0,0,0,0,0,0,0,0,0,0,0,0,0,0,0,0,0
-0.0571,0.0022,0.0022,0.0,0.0,0.0,0.0,0.0,0.0,0.0,/Users/dzf/Desktop/research/Embedded-c/Super-Simple-Tasker-main/3rd_party/nucleo-h743zi/stm32h743xx.h,0.0,0.0,0.0,0.0,0,0,0,0,0,0,0,77,2,1,DMAMUX_Channel_TypeDef,0,0,0,0,0,0,0,0,0,0,0,0,0,0,0,0,0,0,0,0,0,0,0,0,0,0,0,0,0,0,0,0,0,0,0,0,0,0,0,0,0,0
-0.0571,0.0022,0.0022,0.0,0.0,0.0,0.0,0.0,0.0,0.0,/Users/dzf/Desktop/research/Embedded-c/Super-Simple-Tasker-main/3rd_party/nucleo-h743zi/stm32h743xx.h,0.0,0.0,0.0,0.0,0,0,0,0,0,0,0,77,2,1,DMAMUX_ChannelStatus_TypeDef,0,0,0,0,0,0,0,0,0,0,0,0,0,0,0,0,0,0,0,0,0,0,0,0,0,0,0,0,0,0,0,0,0,0,0,0,0,0,0,0,0,0
-0.0571,0.0022,0.0022,0.0,0.0,0.0,0.0,0.0,0.0,0.0,/Users/dzf/Desktop/research/Embedded-c/Super-Simple-Tasker-main/3rd_party/nucleo-h743zi/stm32h743xx.h,0.0,0.0,0.0,0.0,0,0,0,0,0,0,0,77,2,1,DMAMUX_RequestGen_TypeDef,0,0,0,0,0,0,0,0,0,0,0,0,0,0,0,0,0,0,0,0,0,0,0,0,0,0,0,0,0,0,0,0,0,0,0,0,0,0,0,0,0,0
-0.0571,0.0022,0.0022,0.0,0.0,0.0,0.0,0.0,0.0,0.0,/Users/dzf/Desktop/research/Embedded-c/Super-Simple-Tasker-main/3rd_party/nucleo-h743zi/stm32h743xx.h,0.0,0.0,0.0,0.0,0,0,0,0,0,0,0,77,2,1,DMAMUX_RequestGenStatus_TypeDef,0,0,0,0,0,0,0,0,0,0,0,0,0,0,0,0,0,0,0,0,0,0,0,0,0,0,0,0,0,0,0,0,0,0,0,0,0,0,0,0,0,0
-0.0571,0.0022,0.0022,0.0,0.0,0.0,0.0,0.0,0.0,0.0,/Users/dzf/Desktop/research/Embedded-c/Super-Simple-Tasker-main/3rd_party/nucleo-h743zi/stm32h743xx.h,0.0,0.0,0.0,0.0,0,0,0,0,0,0,0,77,2,1,MDMA_TypeDef,0,0,0,0,0,0,0,0,0,0,0,0,0,0,0,0,0,0,0,0,0,0,0,0,0,0,0,0,0,0,0,0,0,0,0,0,0,0,0,0,0,0
-0.0571,0.0022,0.0022,0.0,0.0,0.0,0.0,0.0,0.0,0.0,/Users/dzf/Desktop/research/Embedded-c/Super-Simple-Tasker-main/3rd_party/nucleo-h743zi/stm32h743xx.h,0.0,0.0,0.0,0.0,0,0,0,0,0,0,0,77,2,1,MDMA_Channel_TypeDef,0,0,0,0,0,0,0,0,0,0,0,0,0,0,0,0,0,0,0,0,0,0,0,0,0,0,0,0,0,0,0,0,0,0,0,0,0,0,0,0,0,0
-0.0571,0.0022,0.0022,0.0,0.0,0.0,0.0,0.0,0.0,0.0,/Users/dzf/Desktop/research/Embedded-c/Super-Simple-Tasker-main/3rd_party/nucleo-h743zi/stm32h743xx.h,0.0,0.0,0.0,0.0,0,0,0,0,0,0,0,77,2,1,DMA2D_TypeDef,0,0,0,0,0,0,0,0,0,0,0,0,0,0,0,0,0,0,0,0,0,0,0,0,0,0,0,0,0,0,0,0,0,0,0,0,0,0,0,0,0,0
-0.0571,0.0022,0.0022,0.0,0.0,0.0,0.0,0.0,0.0,0.0,/Users/dzf/Desktop/research/Embedded-c/Super-Simple-Tasker-main/3rd_party/nucleo-h743zi/stm32h743xx.h,0.0,0.0,0.0,0.0,0,0,0,0,0,0,0,77,2,1,ETH_TypeDef,0,0,0,0,0,0,0,0,0,0,0,0,0,0,0,0,0,0,0,0,0,0,0,0,0,0,0,0,0,0,0,0,0,0,0,0,0,0,0,0,0,0
-0.0571,0.0022,0.0022,0.0,0.0,0.0,0.0,0.0,0.0,0.0,/Users/dzf/Desktop/research/Embedded-c/Super-Simple-Tasker-main/3rd_party/nucleo-h743zi/stm32h743xx.h,0.0,0.0,0.0,0.0,0,0,0,0,0,0,0,77,2,1,EXTI_TypeDef,0,0,0,0,0,0,0,0,0,0,0,0,0,0,0,0,0,0,0,0,0,0,0,0,0,0,0,0,0,0,0,0,0,0,0,0,0,0,0,0,0,0
-0.0571,0.0022,0.0022,0.0,0.0,0.0,0.0,0.0,0.0,0.0,/Users/dzf/Desktop/research/Embedded-c/Super-Simple-Tasker-main/3rd_party/nucleo-h743zi/stm32h743xx.h,0.0,0.0,0.0,0.0,0,0,0,0,0,0,0,77,2,1,EXTI_Core_TypeDef,0,0,0,0,0,0,0,0,0,0,0,0,0,0,0,0,0,0,0,0,0,0,0,0,0,0,0,0,0,0,0,0,0,0,0,0,0,0,0,0,0,0
-0.0571,0.0022,0.0022,0.0,0.0,0.0,0.0,0.0,0.0,0.0,/Users/dzf/Desktop/research/Embedded-c/Super-Simple-Tasker-main/3rd_party/nucleo-h743zi/stm32h743xx.h,0.0,0.0,0.0,0.0,0,0,0,0,0,0,0,77,2,1,FLASH_TypeDef,0,0,0,0,0,0,0,0,0,0,0,0,0,0,0,0,0,0,0,0,0,0,0,0,0,0,0,0,0,0,0,0,0,0,0,0,0,0,0,0,0,0
-0.0571,0.0022,0.0022,0.0,0.0,0.0,0.0,0.0,0.0,0.0,/Users/dzf/Desktop/research/Embedded-c/Super-Simple-Tasker-main/3rd_party/nucleo-h743zi/stm32h743xx.h,0.0,0.0,0.0,0.0,0,0,0,0,0,0,0,77,2,1,FMC_Bank1_TypeDef,0,0,0,0,0,0,0,0,0,0,0,0,0,0,0,0,0,0,0,0,0,0,0,0,0,0,0,0,0,0,0,0,0,0,0,0,0,0,0,0,0,0
-0.0571,0.0022,0.0022,0.0,0.0,0.0,0.0,0.0,0.0,0.0,/Users/dzf/Desktop/research/Embedded-c/Super-Simple-Tasker-main/3rd_party/nucleo-h743zi/stm32h743xx.h,0.0,0.0,0.0,0.0,0,0,0,0,0,0,0,77,2,1,FMC_Bank1E_TypeDef,0,0,0,0,0,0,0,0,0,0,0,0,0,0,0,0,0,0,0,0,0,0,0,0,0,0,0,0,0,0,0,0,0,0,0,0,0,0,0,0,0,0
-0.0571,0.0022,0.0022,0.0,0.0,0.0,0.0,0.0,0.0,0.0,/Users/dzf/Desktop/research/Embedded-c/Super-Simple-Tasker-main/3rd_party/nucleo-h743zi/stm32h743xx.h,0.0,0.0,0.0,0.0,0,0,0,0,0,0,0,77,2,1,FMC_Bank2_TypeDef,0,0,0,0,0,0,0,0,0,0,0,0,0,0,0,0,0,0,0,0,0,0,0,0,0,0,0,0,0,0,0,0,0,0,0,0,0,0,0,0,0,0
-0.0571,0.0022,0.0022,0.0,0.0,0.0,0.0,0.0,0.0,0.0,/Users/dzf/Desktop/research/Embedded-c/Super-Simple-Tasker-main/3rd_party/nucleo-h743zi/stm32h743xx.h,0.0,0.0,0.0,0.0,0,0,0,0,0,0,0,77,2,1,FMC_Bank3_TypeDef,0,0,0,0,0,0,0,0,0,0,0,0,0,0,0,0,0,0,0,0,0,0,0,0,0,0,0,0,0,0,0,0,0,0,0,0,0,0,0,0,0,0
-0.0571,0.0022,0.0022,0.0,0.0,0.0,0.0,0.0,0.0,0.0,/Users/dzf/Desktop/research/Embedded-c/Super-Simple-Tasker-main/3rd_party/nucleo-h743zi/stm32h743xx.h,0.0,0.0,0.0,0.0,0,0,0,0,0,0,0,77,2,1,FMC_Bank5_6_TypeDef,0,0,0,0,0,0,0,0,0,0,0,0,0,0,0,0,0,0,0,0,0,0,0,0,0,0,0,0,0,0,0,0,0,0,0,0,0,0,0,0,0,0
-0.0571,0.0022,0.0022,0.0,0.0,0.0,0.0,0.0,0.0,0.0,/Users/dzf/Desktop/research/Embedded-c/Super-Simple-Tasker-main/3rd_party/nucleo-h743zi/stm32h743xx.h,0.0,0.0,0.0,0.0,0,0,0,0,0,0,0,77,2,1,GPIO_TypeDef,0,0,0,0,0,0,0,0,0,0,0,0,0,0,0,0,0,0,0,0,0,0,0,0,0,0,0,0,0,0,0,0,0,0,0,0,0,0,0,0,0,0
-0.0571,0.0022,0.0022,0.0,0.0,0.0,0.0,0.0,0.0,0.0,/Users/dzf/Desktop/research/Embedded-c/Super-Simple-Tasker-main/3rd_party/nucleo-h743zi/stm32h743xx.h,0.0,0.0,0.0,0.0,0,0,0,0,0,0,0,77,2,1,OPAMP_TypeDef,0,0,0,0,0,0,0,0,0,0,0,0,0,0,0,0,0,0,0,0,0,0,0,0,0,0,0,0,0,0,0,0,0,0,0,0,0,0,0,0,0,0
-0.0571,0.0022,0.0022,0.0,0.0,0.0,0.0,0.0,0.0,0.0,/Users/dzf/Desktop/research/Embedded-c/Super-Simple-Tasker-main/3rd_party/nucleo-h743zi/stm32h743xx.h,0.0,0.0,0.0,0.0,0,0,0,0,0,0,0,77,2,1,SYSCFG_TypeDef,0,0,0,0,0,0,0,0,0,0,0,0,0,0,0,0,0,0,0,0,0,0,0,0,0,0,0,0,0,0,0,0,0,0,0,0,0,0,0,0,0,0
-0.0571,0.0022,0.0022,0.0,0.0,0.0,0.0,0.0,0.0,0.0,/Users/dzf/Desktop/research/Embedded-c/Super-Simple-Tasker-main/3rd_party/nucleo-h743zi/stm32h743xx.h,0.0,0.0,0.0,0.0,0,0,0,0,0,0,0,77,2,1,I2C_TypeDef,0,0,0,0,0,0,0,0,0,0,0,0,0,0,0,0,0,0,0,0,0,0,0,0,0,0,0,0,0,0,0,0,0,0,0,0,0,0,0,0,0,0
-0.0571,0.0022,0.0022,0.0,0.0,0.0,0.0,0.0,0.0,0.0,/Users/dzf/Desktop/research/Embedded-c/Super-Simple-Tasker-main/3rd_party/nucleo-h743zi/stm32h743xx.h,0.0,0.0,0.0,0.0,0,0,0,0,0,0,0,77,2,1,IWDG_TypeDef,0,0,0,0,0,0,0,0,0,0,0,0,0,0,0,0,0,0,0,0,0,0,0,0,0,0,0,0,0,0,0,0,0,0,0,0,0,0,0,0,0,0
-0.0571,0.0022,0.0022,0.0,0.0,0.0,0.0,0.0,0.0,0.0,/Users/dzf/Desktop/research/Embedded-c/Super-Simple-Tasker-main/3rd_party/nucleo-h743zi/stm32h743xx.h,0.0,0.0,0.0,0.0,0,0,0,0,0,0,0,77,2,1,JPEG_TypeDef,0,0,0,0,0,0,0,0,0,0,0,0,0,0,0,0,0,0,0,0,0,0,0,0,0,0,0,0,0,0,0,0,0,0,0,0,0,0,0,0,0,0
-0.0571,0.0022,0.0022,0.0,0.0,0.0,0.0,0.0,0.0,0.0,/Users/dzf/Desktop/research/Embedded-c/Super-Simple-Tasker-main/3rd_party/nucleo-h743zi/stm32h743xx.h,0.0,0.0,0.0,0.0,0,0,0,0,0,0,0,77,2,1,LTDC_TypeDef,0,0,0,0,0,0,0,0,0,0,0,0,0,0,0,0,0,0,0,0,0,0,0,0,0,0,0,0,0,0,0,0,0,0,0,0,0,0,0,0,0,0
-0.0571,0.0022,0.0022,0.0,0.0,0.0,0.0,0.0,0.0,0.0,/Users/dzf/Desktop/research/Embedded-c/Super-Simple-Tasker-main/3rd_party/nucleo-h743zi/stm32h743xx.h,0.0,0.0,0.0,0.0,0,0,0,0,0,0,0,77,2,1,LTDC_Layer_TypeDef,0,0,0,0,0,0,0,0,0,0,0,0,0,0,0,0,0,0,0,0,0,0,0,0,0,0,0,0,0,0,0,0,0,0,0,0,0,0,0,0,0,0
-0.0571,0.0022,0.0022,0.0,0.0,0.0,0.0,0.0,0.0,0.0,/Users/dzf/Desktop/research/Embedded-c/Super-Simple-Tasker-main/3rd_party/nucleo-h743zi/stm32h743xx.h,0.0,0.0,0.0,0.0,0,0,0,0,0,0,0,77,2,1,PWR_TypeDef,0,0,0,0,0,0,0,0,0,0,0,0,0,0,0,0,0,0,0,0,0,0,0,0,0,0,0,0,0,0,0,0,0,0,0,0,0,0,0,0,0,0
-0.0571,0.0022,0.0022,0.0,0.0,0.0,0.0,0.0,0.0,0.0,/Users/dzf/Desktop/research/Embedded-c/Super-Simple-Tasker-main/3rd_party/nucleo-h743zi/stm32h743xx.h,0.0,0.0,0.0,0.0,0,0,0,0,0,0,0,77,2,1,RCC_TypeDef,0,0,0,0,0,0,0,0,0,0,0,0,0,0,0,0,0,0,0,0,0,0,0,0,0,0,0,0,0,0,0,0,0,0,0,0,0,0,0,0,0,0
-0.0571,0.0022,0.0022,0.0,0.0,0.0,0.0,0.0,0.0,0.0,/Users/dzf/Desktop/research/Embedded-c/Super-Simple-Tasker-main/3rd_party/nucleo-h743zi/stm32h743xx.h,0.0,0.0,0.0,0.0,0,0,0,0,0,0,0,77,2,1,RTC_TypeDef,0,0,0,0,0,0,0,0,0,0,0,0,0,0,0,0,0,0,0,0,0,0,0,0,0,0,0,0,0,0,0,0,0,0,0,0,0,0,0,0,0,0
-0.0571,0.0022,0.0022,0.0,0.0,0.0,0.0,0.0,0.0,0.0,/Users/dzf/Desktop/research/Embedded-c/Super-Simple-Tasker-main/3rd_party/nucleo-h743zi/stm32h743xx.h,0.0,0.0,0.0,0.0,0,0,0,0,0,0,0,77,2,1,SAI_TypeDef,0,0,0,0,0,0,0,0,0,0,0,0,0,0,0,0,0,0,0,0,0,0,0,0,0,0,0,0,0,0,0,0,0,0,0,0,0,0,0,0,0,0
-0.0571,0.0022,0.0022,0.0,0.0,0.0,0.0,0.0,0.0,0.0,/Users/dzf/Desktop/research/Embedded-c/Super-Simple-Tasker-main/3rd_party/nucleo-h743zi/stm32h743xx.h,0.0,0.0,0.0,0.0,0,0,0,0,0,0,0,77,2,1,SAI_Block_TypeDef,0,0,0,0,0,0,0,0,0,0,0,0,0,0,0,0,0,0,0,0,0,0,0,0,0,0,0,0,0,0,0,0,0,0,0,0,0,0,0,0,0,0
-0.0571,0.0022,0.0022,0.0,0.0,0.0,0.0,0.0,0.0,0.0,/Users/dzf/Desktop/research/Embedded-c/Super-Simple-Tasker-main/3rd_party/nucleo-h743zi/stm32h743xx.h,0.0,0.0,0.0,0.0,0,0,0,0,0,0,0,77,2,1,SPDIFRX_TypeDef,0,0,0,0,0,0,0,0,0,0,0,0,0,0,0,0,0,0,0,0,0,0,0,0,0,0,0,0,0,0,0,0,0,0,0,0,0,0,0,0,0,0
-0.0571,0.0022,0.0022,0.0,0.0,0.0,0.0,0.0,0.0,0.0,/Users/dzf/Desktop/research/Embedded-c/Super-Simple-Tasker-main/3rd_party/nucleo-h743zi/stm32h743xx.h,0.0,0.0,0.0,0.0,0,0,0,0,0,0,0,77,2,1,SDMMC_TypeDef,0,0,0,0,0,0,0,0,0,0,0,0,0,0,0,0,0,0,0,0,0,0,0,0,0,0,0,0,0,0,0,0,0,0,0,0,0,0,0,0,0,0
-0.0571,0.0022,0.0022,0.0,0.0,0.0,0.0,0.0,0.0,0.0,/Users/dzf/Desktop/research/Embedded-c/Super-Simple-Tasker-main/3rd_party/nucleo-h743zi/stm32h743xx.h,0.0,0.0,0.0,0.0,0,0,0,0,0,0,0,77,2,1,DLYB_TypeDef,0,0,0,0,0,0,0,0,0,0,0,0,0,0,0,0,0,0,0,0,0,0,0,0,0,0,0,0,0,0,0,0,0,0,0,0,0,0,0,0,0,0
-0.0571,0.0022,0.0022,0.0,0.0,0.0,0.0,0.0,0.0,0.0,/Users/dzf/Desktop/research/Embedded-c/Super-Simple-Tasker-main/3rd_party/nucleo-h743zi/stm32h743xx.h,0.0,0.0,0.0,0.0,0,0,0,0,0,0,0,77,2,1,HSEM_TypeDef,0,0,0,0,0,0,0,0,0,0,0,0,0,0,0,0,0,0,0,0,0,0,0,0,0,0,0,0,0,0,0,0,0,0,0,0,0,0,0,0,0,0
-0.0571,0.0022,0.0022,0.0,0.0,0.0,0.0,0.0,0.0,0.0,/Users/dzf/Desktop/research/Embedded-c/Super-Simple-Tasker-main/3rd_party/nucleo-h743zi/stm32h743xx.h,0.0,0.0,0.0,0.0,0,0,0,0,0,0,0,77,2,1,HSEM_Common_TypeDef,0,0,0,0,0,0,0,0,0,0,0,0,0,0,0,0,0,0,0,0,0,0,0,0,0,0,0,0,0,0,0,0,0,0,0,0,0,0,0,0,0,0
-0.0571,0.0022,0.0022,0.0,0.0,0.0,0.0,0.0,0.0,0.0,/Users/dzf/Desktop/research/Embedded-c/Super-Simple-Tasker-main/3rd_party/nucleo-h743zi/stm32h743xx.h,0.0,0.0,0.0,0.0,0,0,0,0,0,0,0,77,2,1,SPI_TypeDef,0,0,0,0,0,0,0,0,0,0,0,0,0,0,0,0,0,0,0,0,0,0,0,0,0,0,0,0,0,0,0,0,0,0,0,0,0,0,0,0,0,0
-0.0571,0.0022,0.0022,0.0,0.0,0.0,0.0,0.0,0.0,0.0,/Users/dzf/Desktop/research/Embedded-c/Super-Simple-Tasker-main/3rd_party/nucleo-h743zi/stm32h743xx.h,0.0,0.0,0.0,0.0,0,0,0,0,0,0,0,77,2,1,QUADSPI_TypeDef,0,0,0,0,0,0,0,0,0,0,0,0,0,0,0,0,0,0,0,0,0,0,0,0,0,0,0,0,0,0,0,0,0,0,0,0,0,0,0,0,0,0
-0.0571,0.0022,0.0022,0.0,0.0,0.0,0.0,0.0,0.0,0.0,/Users/dzf/Desktop/research/Embedded-c/Super-Simple-Tasker-main/3rd_party/nucleo-h743zi/stm32h743xx.h,0.0,0.0,0.0,0.0,0,0,0,0,0,0,0,77,2,1,TIM_TypeDef,0,0,0,0,0,0,0,0,0,0,0,0,0,0,0,0,0,0,0,0,0,0,0,0,0,0,0,0,0,0,0,0,0,0,0,0,0,0,0,0,0,0
-0.0571,0.0022,0.0022,0.0,0.0,0.0,0.0,0.0,0.0,0.0,/Users/dzf/Desktop/research/Embedded-c/Super-Simple-Tasker-main/3rd_party/nucleo-h743zi/stm32h743xx.h,0.0,0.0,0.0,0.0,0,0,0,0,0,0,0,77,2,1,LPTIM_TypeDef,0,0,0,0,0,0,0,0,0,0,0,0,0,0,0,0,0,0,0,0,0,0,0,0,0,0,0,0,0,0,0,0,0,0,0,0,0,0,0,0,0,0
-0.0571,0.0022,0.0022,0.0,0.0,0.0,0.0,0.0,0.0,0.0,/Users/dzf/Desktop/research/Embedded-c/Super-Simple-Tasker-main/3rd_party/nucleo-h743zi/stm32h743xx.h,0.0,0.0,0.0,0.0,0,0,0,0,0,0,0,77,2,1,COMPOPT_TypeDef,0,0,0,0,0,0,0,0,0,0,0,0,0,0,0,0,0,0,0,0,0,0,0,0,0,0,0,0,0,0,0,0,0,0,0,0,0,0,0,0,0,0
-0.0571,0.0022,0.0022,0.0,0.0,0.0,0.0,0.0,0.0,0.0,/Users/dzf/Desktop/research/Embedded-c/Super-Simple-Tasker-main/3rd_party/nucleo-h743zi/stm32h743xx.h,0.0,0.0,0.0,0.0,0,0,0,0,0,0,0,77,2,1,COMP_TypeDef,0,0,0,0,0,0,0,0,0,0,0,0,0,0,0,0,0,0,0,0,0,0,0,0,0,0,0,0,0,0,0,0,0,0,0,0,0,0,0,0,0,0
-0.0571,0.0022,0.0022,0.0,0.0,0.0,0.0,0.0,0.0,0.0,/Users/dzf/Desktop/research/Embedded-c/Super-Simple-Tasker-main/3rd_party/nucleo-h743zi/stm32h743xx.h,0.0,0.0,0.0,0.0,0,0,0,0,0,0,0,77,2,1,COMP_Common_TypeDef,0,0,0,0,0,0,0,0,0,0,0,0,0,0,0,0,0,0,0,0,0,0,0,0,0,0,0,0,0,0,0,0,0,0,0,0,0,0,0,0,0,0
-0.0571,0.0022,0.0022,0.0,0.0,0.0,0.0,0.0,0.0,0.0,/Users/dzf/Desktop/research/Embedded-c/Super-Simple-Tasker-main/3rd_party/nucleo-h743zi/stm32h743xx.h,0.0,0.0,0.0,0.0,0,0,0,0,0,0,0,77,2,1,USART_TypeDef,0,0,0,0,0,0,0,0,0,0,0,0,0,0,0,0,0,0,0,0,0,0,0,0,0,0,0,0,0,0,0,0,0,0,0,0,0,0,0,0,0,0
-0.0571,0.0022,0.0022,0.0,0.0,0.0,0.0,0.0,0.0,0.0,/Users/dzf/Desktop/research/Embedded-c/Super-Simple-Tasker-main/3rd_party/nucleo-h743zi/stm32h743xx.h,0.0,0.0,0.0,0.0,0,0,0,0,0,0,0,77,2,1,SWPMI_TypeDef,0,0,0,0,0,0,0,0,0,0,0,0,0,0,0,0,0,0,0,0,0,0,0,0,0,0,0,0,0,0,0,0,0,0,0,0,0,0,0,0,0,0
-0.0571,0.0022,0.0022,0.0,0.0,0.0,0.0,0.0,0.0,0.0,/Users/dzf/Desktop/research/Embedded-c/Super-Simple-Tasker-main/3rd_party/nucleo-h743zi/stm32h743xx.h,0.0,0.0,0.0,0.0,0,0,0,0,0,0,0,77,2,1,WWDG_TypeDef,0,0,0,0,0,0,0,0,0,0,0,0,0,0,0,0,0,0,0,0,0,0,0,0,0,0,0,0,0,0,0,0,0,0,0,0,0,0,0,0,0,0
-0.0571,0.0022,0.0022,0.0,0.0,0.0,0.0,0.0,0.0,0.0,/Users/dzf/Desktop/research/Embedded-c/Super-Simple-Tasker-main/3rd_party/nucleo-h743zi/stm32h743xx.h,0.0,0.0,0.0,0.0,0,0,0,0,0,0,0,77,2,1,RAMECC_MonitorTypeDef,0,0,0,0,0,0,0,0,0,0,0,0,0,0,0,0,0,0,0,0,0,0,0,0,0,0,0,0,0,0,0,0,0,0,0,0,0,0,0,0,0,0
-0.0571,0.0022,0.0022,0.0,0.0,0.0,0.0,0.0,0.0,0.0,/Users/dzf/Desktop/research/Embedded-c/Super-Simple-Tasker-main/3rd_party/nucleo-h743zi/stm32h743xx.h,0.0,0.0,0.0,0.0,0,0,0,0,0,0,0,77,2,1,RAMECC_TypeDef,0,0,0,0,0,0,0,0,0,0,0,0,0,0,0,0,0,0,0,0,0,0,0,0,0,0,0,0,0,0,0,0,0,0,0,0,0,0,0,0,0,0
-0.0571,0.0022,0.0022,0.0,0.0,0.0,0.0,0.0,0.0,0.0,/Users/dzf/Desktop/research/Embedded-c/Super-Simple-Tasker-main/3rd_party/nucleo-h743zi/stm32h743xx.h,0.0,0.0,0.0,0.0,0,0,0,0,0,0,0,77,2,1,HRTIM_Master_TypeDef,0,0,0,0,0,0,0,0,0,0,0,0,0,0,0,0,0,0,0,0,0,0,0,0,0,0,0,0,0,0,0,0,0,0,0,0,0,0,0,0,0,0
-0.0571,0.0022,0.0022,0.0,0.0,0.0,0.0,0.0,0.0,0.0,/Users/dzf/Desktop/research/Embedded-c/Super-Simple-Tasker-main/3rd_party/nucleo-h743zi/stm32h743xx.h,0.0,0.0,0.0,0.0,0,0,0,0,0,0,0,77,2,1,HRTIM_Timerx_TypeDef,0,0,0,0,0,0,0,0,0,0,0,0,0,0,0,0,0,0,0,0,0,0,0,0,0,0,0,0,0,0,0,0,0,0,0,0,0,0,0,0,0,0
-0.0571,0.0022,0.0022,0.0,0.0,0.0,0.0,0.0,0.0,0.0,/Users/dzf/Desktop/research/Embedded-c/Super-Simple-Tasker-main/3rd_party/nucleo-h743zi/stm32h743xx.h,0.0,0.0,0.0,0.0,0,0,0,0,0,0,0,77,2,1,HRTIM_Common_TypeDef,0,0,0,0,0,0,0,0,0,0,0,0,0,0,0,0,0,0,0,0,0,0,0,0,0,0,0,0,0,0,0,0,0,0,0,0,0,0,0,0,0,0
-0.0571,0.0022,0.0022,0.0,0.0,0.0,0.0,0.0,0.0,0.0,/Users/dzf/Desktop/research/Embedded-c/Super-Simple-Tasker-main/3rd_party/nucleo-h743zi/stm32h743xx.h,0.0,0.0,0.0,0.0,0,0,0,0,0,0,0,77,2,1,HRTIM_TypeDef,0,0,0,0,0,0,0,0,0,0,0,0,0,0,0,0,0,0,0,0,0,0,0,0,0,0,0,0,0,0,0,0,0,0,0,0,0,0,0,0,0,0
-0.0571,0.0022,0.0022,0.0,0.0,0.0,0.0,0.0,0.0,0.0,/Users/dzf/Desktop/research/Embedded-c/Super-Simple-Tasker-main/3rd_party/nucleo-h743zi/stm32h743xx.h,0.0,0.0,0.0,0.0,0,0,0,0,0,0,0,77,2,1,RNG_TypeDef,0,0,0,0,0,0,0,0,0,0,0,0,0,0,0,0,0,0,0,0,0,0,0,0,0,0,0,0,0,0,0,0,0,0,0,0,0,0,0,0,0,0
-0.0571,0.0022,0.0022,0.0,0.0,0.0,0.0,0.0,0.0,0.0,/Users/dzf/Desktop/research/Embedded-c/Super-Simple-Tasker-main/3rd_party/nucleo-h743zi/stm32h743xx.h,0.0,0.0,0.0,0.0,0,0,0,0,0,0,0,77,2,1,MDIOS_TypeDef,0,0,0,0,0,0,0,0,0,0,0,0,0,0,0,0,0,0,0,0,0,0,0,0,0,0,0,0,0,0,0,0,0,0,0,0,0,0,0,0,0,0
-0.0571,0.0022,0.0022,0.0,0.0,0.0,0.0,0.0,0.0,0.0,/Users/dzf/Desktop/research/Embedded-c/Super-Simple-Tasker-main/3rd_party/nucleo-h743zi/stm32h743xx.h,0.0,0.0,0.0,0.0,0,0,0,0,0,0,0,77,2,1,USB_OTG_GlobalTypeDef,0,0,0,0,0,0,0,0,0,0,0,0,0,0,0,0,0,0,0,0,0,0,0,0,0,0,0,0,0,0,0,0,0,0,0,0,0,0,0,0,0,0
-0.0571,0.0022,0.0022,0.0,0.0,0.0,0.0,0.0,0.0,0.0,/Users/dzf/Desktop/research/Embedded-c/Super-Simple-Tasker-main/3rd_party/nucleo-h743zi/stm32h743xx.h,0.0,0.0,0.0,0.0,0,0,0,0,0,0,0,77,2,1,USB_OTG_DeviceTypeDef,0,0,0,0,0,0,0,0,0,0,0,0,0,0,0,0,0,0,0,0,0,0,0,0,0,0,0,0,0,0,0,0,0,0,0,0,0,0,0,0,0,0
-0.0571,0.0022,0.0022,0.0,0.0,0.0,0.0,0.0,0.0,0.0,/Users/dzf/Desktop/research/Embedded-c/Super-Simple-Tasker-main/3rd_party/nucleo-h743zi/stm32h743xx.h,0.0,0.0,0.0,0.0,0,0,0,0,0,0,0,77,2,1,USB_OTG_INEndpointTypeDef,0,0,0,0,0,0,0,0,0,0,0,0,0,0,0,0,0,0,0,0,0,0,0,0,0,0,0,0,0,0,0,0,0,0,0,0,0,0,0,0,0,0
-0.0571,0.0022,0.0022,0.0,0.0,0.0,0.0,0.0,0.0,0.0,/Users/dzf/Desktop/research/Embedded-c/Super-Simple-Tasker-main/3rd_party/nucleo-h743zi/stm32h743xx.h,0.0,0.0,0.0,0.0,0,0,0,0,0,0,0,77,2,1,USB_OTG_OUTEndpointTypeDef,0,0,0,0,0,0,0,0,0,0,0,0,0,0,0,0,0,0,0,0,0,0,0,0,0,0,0,0,0,0,0,0,0,0,0,0,0,0,0,0,0,0
-0.0571,0.0022,0.0022,0.0,0.0,0.0,0.0,0.0,0.0,0.0,/Users/dzf/Desktop/research/Embedded-c/Super-Simple-Tasker-main/3rd_party/nucleo-h743zi/stm32h743xx.h,0.0,0.0,0.0,0.0,0,0,0,0,0,0,0,77,2,1,USB_OTG_HostTypeDef,0,0,0,0,0,0,0,0,0,0,0,0,0,0,0,0,0,0,0,0,0,0,0,0,0,0,0,0,0,0,0,0,0,0,0,0,0,0,0,0,0,0
-0.0571,0.0022,0.0022,0.0,0.0,0.0,0.0,0.0,0.0,0.0,/Users/dzf/Desktop/research/Embedded-c/Super-Simple-Tasker-main/3rd_party/nucleo-h743zi/stm32h743xx.h,0.0,0.0,0.0,0.0,0,0,0,0,0,0,0,77,2,1,USB_OTG_HostChannelTypeDef,0,0,0,0,0,0,0,0,0,0,0,0,0,0,0,0,0,0,0,0,0,0,0,0,0,0,0,0,0,0,0,0,0,0,0,0,0,0,0,0,0,0
-0.0571,0.0022,0.0022,0.0,0.0,0.0,0.0,0.0,0.0,0.0,/Users/dzf/Desktop/research/Embedded-c/Super-Simple-Tasker-main/3rd_party/nucleo-h743zi/stm32h743xx.h,0.0,0.0,0.0,0.0,0,0,0,0,0,0,0,77,2,1,GPV_TypeDef,0,0,0,0,0,0,0,0,0,0,0,0,0,0,0,0,0,0,0,0,0,0,0,0,0,0,0,0,0,0,0,0,0,0,0,0,0,0,0,0,0,0
-0.0571,0.0022,0.0022,0.0,0.0,0.0,0.0,0.0,0.0,0.0,/Users/dzf/Desktop/research/Embedded-c/Super-Simple-Tasker-main/3rd_party/nucleo-l053r8/core_cm0plus.h,0.0,0.0,0.0,0.0,0,0,0,0,0,0,0,7,3,1,APSR_Type::[unnamed],0,0,0,0,0,0,0,0,0,0,0,0,0,0,0,0,0,0,0,0,0,0,0,0,0,0,0,0,0,0,0,0,0,0,0,0,0,0,0,0,0,0
-0.0571,0.0022,0.0022,0.0,0.0,0.0,0.0,0.0,0.0,0.0,/Users/dzf/Desktop/research/Embedded-c/Super-Simple-Tasker-main/3rd_party/nucleo-l053r8/core_cm0plus.h,0.0,0.0,0.0,0.0,0,0,0,0,0,0,0,7,3,1,IPSR_Type::[unnamed],0,0,0,0,0,0,0,0,0,0,0,0,0,0,0,0,0,0,0,0,0,0,0,0,0,0,0,0,0,0,0,0,0,0,0,0,0,0,0,0,0,0
-0.0571,0.0022,0.0022,0.0,0.0,0.0,0.0,0.0,0.0,0.0,/Users/dzf/Desktop/research/Embedded-c/Super-Simple-Tasker-main/3rd_party/nucleo-l053r8/core_cm0plus.h,0.0,0.0,0.0,0.0,0,0,0,0,0,0,0,7,3,1,xPSR_Type::[unnamed],0,0,0,0,0,0,0,0,0,0,0,0,0,0,0,0,0,0,0,0,0,0,0,0,0,0,0,0,0,0,0,0,0,0,0,0,0,0,0,0,0,0
-0.0571,0.0022,0.0022,0.0,0.0,0.0,0.0,0.0,0.0,0.0,/Users/dzf/Desktop/research/Embedded-c/Super-Simple-Tasker-main/3rd_party/nucleo-l053r8/core_cm0plus.h,0.0,0.0,0.0,0.0,0,0,0,0,0,0,0,7,3,1,CONTROL_Type::[unnamed],0,0,0,0,0,0,0,0,0,0,0,0,0,0,0,0,0,0,0,0,0,0,0,0,0,0,0,0,0,0,0,0,0,0,0,0,0,0,0,0,0,0
-0.0571,0.0022,0.0022,0.0,0.0,0.0,0.0,0.0,0.0,0.0,/Users/dzf/Desktop/research/Embedded-c/Super-Simple-Tasker-main/3rd_party/nucleo-l053r8/core_cm0plus.h,0.0,0.0,0.0,0.0,0,0,0,0,0,0,0,7,3,1,NVIC_Type,0,0,0,0,0,0,0,0,0,0,0,0,0,0,0,0,0,0,0,0,0,0,0,0,0,0,0,0,0,0,0,0,0,0,0,0,0,0,0,0,0,0
-0.0571,0.0022,0.0022,0.0,0.0,0.0,0.0,0.0,0.0,0.0,/Users/dzf/Desktop/research/Embedded-c/Super-Simple-Tasker-main/3rd_party/nucleo-l053r8/core_cm0plus.h,0.0,0.0,0.0,0.0,0,0,0,0,0,0,0,7,3,1,SCB_Type,0,0,0,0,0,0,0,0,0,0,0,0,0,0,0,0,0,0,0,0,0,0,0,0,0,0,0,0,0,0,0,0,0,0,0,0,0,0,0,0,0,0
-0.0571,0.0022,0.0022,0.0,0.0,0.0,0.0,0.0,0.0,0.0,/Users/dzf/Desktop/research/Embedded-c/Super-Simple-Tasker-main/3rd_party/nucleo-l053r8/core_cm0plus.h,0.0,0.0,0.0,0.0,0,0,0,0,0,0,0,7,3,1,SysTick_Type,0,0,0,0,0,0,0,0,0,0,0,0,0,0,0,0,0,0,0,0,0,0,0,0,0,0,0,0,0,0,0,0,0,0,0,0,0,0,0,0,0,0
-0.0571,0.0022,0.0022,0.0,0.0,0.0,0.0,0.0,0.0,0.0,/Users/dzf/Desktop/research/Embedded-c/Super-Simple-Tasker-main/3rd_party/nucleo-l053r8/cmsis_iccarm.h,0.0,0.0,0.0,0.0,0,0,0,0,0,0,0,1,0,1,__iar_u32,0,0,0,0,0,0,0,0,0,0,0,0,0,0,0,0,0,0,0,0,0,0,0,0,0,0,0,0,0,0,0,0,0,0,0,0,0,0,0,0,0,0
-0.0571,0.0022,0.0022,0.0,0.0,0.0,0.0,0.0,0.0,0.0,/Users/dzf/Desktop/research/Embedded-c/Super-Simple-Tasker-main/3rd_party/nucleo-l053r8/cmsis_armclang.h,0.0,0.0,0.0,0.0,0,0,0,0,0,0,0,5,0,1,T_UINT32,0,0,0,0,0,0,0,0,0,0,0,0,0,0,0,0,0,0,0,0,0,0,0,0,0,0,0,0,0,0,0,0,0,0,0,0,0,0,0,0,0,0
-0.0571,0.0022,0.0022,0.0,0.0,0.0,0.0,0.0,0.0,0.0,/Users/dzf/Desktop/research/Embedded-c/Super-Simple-Tasker-main/3rd_party/nucleo-l053r8/cmsis_armclang.h,0.0,0.0,0.0,0.0,0,0,0,0,0,0,0,5,0,1,T_UINT16_WRITE,0,0,0,0,0,0,0,0,0,0,0,0,0,0,0,0,0,0,0,0,0,0,0,0,0,0,0,0,0,0,0,0,0,0,0,0,0,0,0,0,0,0
-0.0571,0.0022,0.0022,0.0,0.0,0.0,0.0,0.0,0.0,0.0,/Users/dzf/Desktop/research/Embedded-c/Super-Simple-Tasker-main/3rd_party/nucleo-l053r8/cmsis_armclang.h,0.0,0.0,0.0,0.0,0,0,0,0,0,0,0,5,0,1,T_UINT16_READ,0,0,0,0,0,0,0,0,0,0,0,0,0,0,0,0,0,0,0,0,0,0,0,0,0,0,0,0,0,0,0,0,0,0,0,0,0,0,0,0,0,0
-0.0571,0.0022,0.0022,0.0,0.0,0.0,0.0,0.0,0.0,0.0,/Users/dzf/Desktop/research/Embedded-c/Super-Simple-Tasker-main/3rd_party/nucleo-l053r8/cmsis_armclang.h,0.0,0.0,0.0,0.0,0,0,0,0,0,0,0,5,0,1,T_UINT32_WRITE,0,0,0,0,0,0,0,0,0,0,0,0,0,0,0,0,0,0,0,0,0,0,0,0,0,0,0,0,0,0,0,0,0,0,0,0,0,0,0,0,0,0
-0.0571,0.0022,0.0022,0.0,0.0,0.0,0.0,0.0,0.0,0.0,/Users/dzf/Desktop/research/Embedded-c/Super-Simple-Tasker-main/3rd_party/nucleo-l053r8/cmsis_armclang.h,0.0,0.0,0.0,0.0,0,0,0,0,0,0,0,5,0,1,T_UINT32_READ,0,0,0,0,0,0,0,0,0,0,0,0,0,0,0,0,0,0,0,0,0,0,0,0,0,0,0,0,0,0,0,0,0,0,0,0,0,0,0,0,0,0
-0.0571,0.0022,0.0022,0.0,0.0,0.0,0.0,0.0,0.0,0.0,/Users/dzf/Desktop/research/Embedded-c/Super-Simple-Tasker-main/3rd_party/nucleo-l053r8/cmsis_gcc.h,0.0,0.0,0.0,0.0,0,0,0,0,0,0,0,7,0,1,T_UINT32,0,0,0,0,0,0,0,0,0,0,0,0,0,0,0,0,0,0,0,0,0,0,0,0,0,0,0,0,0,0,0,0,0,0,0,0,0,0,0,0,0,0
-0.0571,0.0022,0.0022,0.0,0.0,0.0,0.0,0.0,0.0,0.0,/Users/dzf/Desktop/research/Embedded-c/Super-Simple-Tasker-main/3rd_party/nucleo-l053r8/cmsis_gcc.h,0.0,0.0,0.0,0.0,0,0,0,0,0,0,0,7,0,1,T_UINT16_WRITE,0,0,0,0,0,0,0,0,0,0,0,0,0,0,0,0,0,0,0,0,0,0,0,0,0,0,0,0,0,0,0,0,0,0,0,0,0,0,0,0,0,0
-0.0571,0.0022,0.0022,0.0,0.0,0.0,0.0,0.0,0.0,0.0,/Users/dzf/Desktop/research/Embedded-c/Super-Simple-Tasker-main/3rd_party/nucleo-l053r8/cmsis_gcc.h,0.0,0.0,0.0,0.0,0,0,0,0,0,0,0,7,0,1,T_UINT16_READ,0,0,0,0,0,0,0,0,0,0,0,0,0,0,0,0,0,0,0,0,0,0,0,0,0,0,0,0,0,0,0,0,0,0,0,0,0,0,0,0,0,0
-0.0571,0.0022,0.0022,0.0,0.0,0.0,0.0,0.0,0.0,0.0,/Users/dzf/Desktop/research/Embedded-c/Super-Simple-Tasker-main/3rd_party/nucleo-l053r8/cmsis_gcc.h,0.0,0.0,0.0,0.0,0,0,0,0,0,0,0,7,0,1,T_UINT32_WRITE,0,0,0,0,0,0,0,0,0,0,0,0,0,0,0,0,0,0,0,0,0,0,0,0,0,0,0,0,0,0,0,0,0,0,0,0,0,0,0,0,0,0
-0.0571,0.0022,0.0022,0.0,0.0,0.0,0.0,0.0,0.0,0.0,/Users/dzf/Desktop/research/Embedded-c/Super-Simple-Tasker-main/3rd_party/nucleo-l053r8/cmsis_gcc.h,0.0,0.0,0.0,0.0,0,0,0,0,0,0,0,7,0,1,T_UINT32_READ,0,0,0,0,0,0,0,0,0,0,0,0,0,0,0,0,0,0,0,0,0,0,0,0,0,0,0,0,0,0,0,0,0,0,0,0,0,0,0,0,0,0
-0.0571,0.0022,0.0022,0.0,0.0,0.0,0.0,0.0,0.0,0.0,/Users/dzf/Desktop/research/Embedded-c/Super-Simple-Tasker-main/3rd_party/nucleo-l053r8/cmsis_gcc.h,0.0,0.0,0.0,0.0,0,0,0,0,0,0,0,7,0,1,__cmsis_start::__copy_table_t,0,0,0,0,0,0,0,0,0,0,0,0,0,0,0,0,0,0,0,0,0,0,0,0,0,0,0,0,0,0,0,0,0,0,0,0,0,0,0,0,0,0
-0.0571,0.0022,0.0022,0.0,0.0,0.0,0.0,0.0,0.0,0.0,/Users/dzf/Desktop/research/Embedded-c/Super-Simple-Tasker-main/3rd_party/nucleo-l053r8/cmsis_gcc.h,0.0,0.0,0.0,0.0,0,0,0,0,0,0,0,7,0,1,__cmsis_start::__zero_table_t,0,0,0,0,0,0,0,0,0,0,0,0,0,0,0,0,0,0,0,0,0,0,0,0,0,0,0,0,0,0,0,0,0,0,0,0,0,0,0,0,0,0
-0.0571,0.0022,0.0022,0.0,0.0,0.0,0.0,0.0,0.0,0.0,/Users/dzf/Desktop/research/Embedded-c/Super-Simple-Tasker-main/3rd_party/nucleo-l053r8/mpu_armv7.h,0.0,0.0,0.0,0.0,0,0,0,0,0,0,0,1,0,1,ARM_MPU_Region_t,0,0,0,0,0,0,0,0,0,0,0,0,0,0,0,0,0,0,0,0,0,0,0,0,0,0,0,0,0,0,0,0,0,0,0,0,0,0,0,0,0,0
-0.0571,0.0022,0.0022,0.0,0.0,0.0,0.0,0.0,0.0,0.0,/Users/dzf/Desktop/research/Embedded-c/Super-Simple-Tasker-main/3rd_party/nucleo-l053r8/stm32l053xx.h,0.0,0.0,0.0,0.0,0,0,0,0,0,0,0,30,2,1,ADC_TypeDef,0,0,0,0,0,0,0,0,0,0,0,0,0,0,0,0,0,0,0,0,0,0,0,0,0,0,0,0,0,0,0,0,0,0,0,0,0,0,0,0,0,0
-0.0571,0.0022,0.0022,0.0,0.0,0.0,0.0,0.0,0.0,0.0,/Users/dzf/Desktop/research/Embedded-c/Super-Simple-Tasker-main/3rd_party/nucleo-l053r8/stm32l053xx.h,0.0,0.0,0.0,0.0,0,0,0,0,0,0,0,30,2,1,ADC_Common_TypeDef,0,0,0,0,0,0,0,0,0,0,0,0,0,0,0,0,0,0,0,0,0,0,0,0,0,0,0,0,0,0,0,0,0,0,0,0,0,0,0,0,0,0
-0.0571,0.0022,0.0022,0.0,0.0,0.0,0.0,0.0,0.0,0.0,/Users/dzf/Desktop/research/Embedded-c/Super-Simple-Tasker-main/3rd_party/nucleo-l053r8/stm32l053xx.h,0.0,0.0,0.0,0.0,0,0,0,0,0,0,0,30,2,1,COMP_TypeDef,0,0,0,0,0,0,0,0,0,0,0,0,0,0,0,0,0,0,0,0,0,0,0,0,0,0,0,0,0,0,0,0,0,0,0,0,0,0,0,0,0,0
-0.0571,0.0022,0.0022,0.0,0.0,0.0,0.0,0.0,0.0,0.0,/Users/dzf/Desktop/research/Embedded-c/Super-Simple-Tasker-main/3rd_party/nucleo-l053r8/stm32l053xx.h,0.0,0.0,0.0,0.0,0,0,0,0,0,0,0,30,2,1,CRC_TypeDef,0,0,0,0,0,0,0,0,0,0,0,0,0,0,0,0,0,0,0,0,0,0,0,0,0,0,0,0,0,0,0,0,0,0,0,0,0,0,0,0,0,0
-0.0571,0.0022,0.0022,0.0,0.0,0.0,0.0,0.0,0.0,0.0,/Users/dzf/Desktop/research/Embedded-c/Super-Simple-Tasker-main/3rd_party/nucleo-l053r8/stm32l053xx.h,0.0,0.0,0.0,0.0,0,0,0,0,0,0,0,30,2,1,CRS_TypeDef,0,0,0,0,0,0,0,0,0,0,0,0,0,0,0,0,0,0,0,0,0,0,0,0,0,0,0,0,0,0,0,0,0,0,0,0,0,0,0,0,0,0
-0.0571,0.0022,0.0022,0.0,0.0,0.0,0.0,0.0,0.0,0.0,/Users/dzf/Desktop/research/Embedded-c/Super-Simple-Tasker-main/3rd_party/nucleo-l053r8/stm32l053xx.h,0.0,0.0,0.0,0.0,0,0,0,0,0,0,0,30,2,1,DAC_TypeDef,0,0,0,0,0,0,0,0,0,0,0,0,0,0,0,0,0,0,0,0,0,0,0,0,0,0,0,0,0,0,0,0,0,0,0,0,0,0,0,0,0,0
-0.0571,0.0022,0.0022,0.0,0.0,0.0,0.0,0.0,0.0,0.0,/Users/dzf/Desktop/research/Embedded-c/Super-Simple-Tasker-main/3rd_party/nucleo-l053r8/stm32l053xx.h,0.0,0.0,0.0,0.0,0,0,0,0,0,0,0,30,2,1,DBGMCU_TypeDef,0,0,0,0,0,0,0,0,0,0,0,0,0,0,0,0,0,0,0,0,0,0,0,0,0,0,0,0,0,0,0,0,0,0,0,0,0,0,0,0,0,0
-0.0571,0.0022,0.0022,0.0,0.0,0.0,0.0,0.0,0.0,0.0,/Users/dzf/Desktop/research/Embedded-c/Super-Simple-Tasker-main/3rd_party/nucleo-l053r8/stm32l053xx.h,0.0,0.0,0.0,0.0,0,0,0,0,0,0,0,30,2,1,DMA_Channel_TypeDef,0,0,0,0,0,0,0,0,0,0,0,0,0,0,0,0,0,0,0,0,0,0,0,0,0,0,0,0,0,0,0,0,0,0,0,0,0,0,0,0,0,0
-0.0571,0.0022,0.0022,0.0,0.0,0.0,0.0,0.0,0.0,0.0,/Users/dzf/Desktop/research/Embedded-c/Super-Simple-Tasker-main/3rd_party/nucleo-l053r8/stm32l053xx.h,0.0,0.0,0.0,0.0,0,0,0,0,0,0,0,30,2,1,DMA_TypeDef,0,0,0,0,0,0,0,0,0,0,0,0,0,0,0,0,0,0,0,0,0,0,0,0,0,0,0,0,0,0,0,0,0,0,0,0,0,0,0,0,0,0
-0.0571,0.0022,0.0022,0.0,0.0,0.0,0.0,0.0,0.0,0.0,/Users/dzf/Desktop/research/Embedded-c/Super-Simple-Tasker-main/3rd_party/nucleo-l053r8/stm32l053xx.h,0.0,0.0,0.0,0.0,0,0,0,0,0,0,0,30,2,1,DMA_Request_TypeDef,0,0,0,0,0,0,0,0,0,0,0,0,0,0,0,0,0,0,0,0,0,0,0,0,0,0,0,0,0,0,0,0,0,0,0,0,0,0,0,0,0,0
-0.0571,0.0022,0.0022,0.0,0.0,0.0,0.0,0.0,0.0,0.0,/Users/dzf/Desktop/research/Embedded-c/Super-Simple-Tasker-main/3rd_party/nucleo-l053r8/stm32l053xx.h,0.0,0.0,0.0,0.0,0,0,0,0,0,0,0,30,2,1,EXTI_TypeDef,0,0,0,0,0,0,0,0,0,0,0,0,0,0,0,0,0,0,0,0,0,0,0,0,0,0,0,0,0,0,0,0,0,0,0,0,0,0,0,0,0,0
-0.0571,0.0022,0.0022,0.0,0.0,0.0,0.0,0.0,0.0,0.0,/Users/dzf/Desktop/research/Embedded-c/Super-Simple-Tasker-main/3rd_party/nucleo-l053r8/stm32l053xx.h,0.0,0.0,0.0,0.0,0,0,0,0,0,0,0,30,2,1,FLASH_TypeDef,0,0,0,0,0,0,0,0,0,0,0,0,0,0,0,0,0,0,0,0,0,0,0,0,0,0,0,0,0,0,0,0,0,0,0,0,0,0,0,0,0,0
-0.0571,0.0022,0.0022,0.0,0.0,0.0,0.0,0.0,0.0,0.0,/Users/dzf/Desktop/research/Embedded-c/Super-Simple-Tasker-main/3rd_party/nucleo-l053r8/stm32l053xx.h,0.0,0.0,0.0,0.0,0,0,0,0,0,0,0,30,2,1,OB_TypeDef,0,0,0,0,0,0,0,0,0,0,0,0,0,0,0,0,0,0,0,0,0,0,0,0,0,0,0,0,0,0,0,0,0,0,0,0,0,0,0,0,0,0
-0.0571,0.0022,0.0022,0.0,0.0,0.0,0.0,0.0,0.0,0.0,/Users/dzf/Desktop/research/Embedded-c/Super-Simple-Tasker-main/3rd_party/nucleo-l053r8/stm32l053xx.h,0.0,0.0,0.0,0.0,0,0,0,0,0,0,0,30,2,1,GPIO_TypeDef,0,0,0,0,0,0,0,0,0,0,0,0,0,0,0,0,0,0,0,0,0,0,0,0,0,0,0,0,0,0,0,0,0,0,0,0,0,0,0,0,0,0
-0.0571,0.0022,0.0022,0.0,0.0,0.0,0.0,0.0,0.0,0.0,/Users/dzf/Desktop/research/Embedded-c/Super-Simple-Tasker-main/3rd_party/nucleo-l053r8/stm32l053xx.h,0.0,0.0,0.0,0.0,0,0,0,0,0,0,0,30,2,1,LPTIM_TypeDef,0,0,0,0,0,0,0,0,0,0,0,0,0,0,0,0,0,0,0,0,0,0,0,0,0,0,0,0,0,0,0,0,0,0,0,0,0,0,0,0,0,0
-0.0571,0.0022,0.0022,0.0,0.0,0.0,0.0,0.0,0.0,0.0,/Users/dzf/Desktop/research/Embedded-c/Super-Simple-Tasker-main/3rd_party/nucleo-l053r8/stm32l053xx.h,0.0,0.0,0.0,0.0,0,0,0,0,0,0,0,30,2,1,SYSCFG_TypeDef,0,0,0,0,0,0,0,0,0,0,0,0,0,0,0,0,0,0,0,0,0,0,0,0,0,0,0,0,0,0,0,0,0,0,0,0,0,0,0,0,0,0
-0.0571,0.0022,0.0022,0.0,0.0,0.0,0.0,0.0,0.0,0.0,/Users/dzf/Desktop/research/Embedded-c/Super-Simple-Tasker-main/3rd_party/nucleo-l053r8/stm32l053xx.h,0.0,0.0,0.0,0.0,0,0,0,0,0,0,0,30,2,1,I2C_TypeDef,0,0,0,0,0,0,0,0,0,0,0,0,0,0,0,0,0,0,0,0,0,0,0,0,0,0,0,0,0,0,0,0,0,0,0,0,0,0,0,0,0,0
-0.0571,0.0022,0.0022,0.0,0.0,0.0,0.0,0.0,0.0,0.0,/Users/dzf/Desktop/research/Embedded-c/Super-Simple-Tasker-main/3rd_party/nucleo-l053r8/stm32l053xx.h,0.0,0.0,0.0,0.0,0,0,0,0,0,0,0,30,2,1,IWDG_TypeDef,0,0,0,0,0,0,0,0,0,0,0,0,0,0,0,0,0,0,0,0,0,0,0,0,0,0,0,0,0,0,0,0,0,0,0,0,0,0,0,0,0,0
-0.0571,0.0022,0.0022,0.0,0.0,0.0,0.0,0.0,0.0,0.0,/Users/dzf/Desktop/research/Embedded-c/Super-Simple-Tasker-main/3rd_party/nucleo-l053r8/stm32l053xx.h,0.0,0.0,0.0,0.0,0,0,0,0,0,0,0,30,2,1,LCD_TypeDef,0,0,0,0,0,0,0,0,0,0,0,0,0,0,0,0,0,0,0,0,0,0,0,0,0,0,0,0,0,0,0,0,0,0,0,0,0,0,0,0,0,0
-0.0571,0.0022,0.0022,0.0,0.0,0.0,0.0,0.0,0.0,0.0,/Users/dzf/Desktop/research/Embedded-c/Super-Simple-Tasker-main/3rd_party/nucleo-l053r8/stm32l053xx.h,0.0,0.0,0.0,0.0,0,0,0,0,0,0,0,30,2,1,FW_TypeDef,0,0,0,0,0,0,0,0,0,0,0,0,0,0,0,0,0,0,0,0,0,0,0,0,0,0,0,0,0,0,0,0,0,0,0,0,0,0,0,0,0,0
-0.0571,0.0022,0.0022,0.0,0.0,0.0,0.0,0.0,0.0,0.0,/Users/dzf/Desktop/research/Embedded-c/Super-Simple-Tasker-main/3rd_party/nucleo-l053r8/stm32l053xx.h,0.0,0.0,0.0,0.0,0,0,0,0,0,0,0,30,2,1,PWR_TypeDef,0,0,0,0,0,0,0,0,0,0,0,0,0,0,0,0,0,0,0,0,0,0,0,0,0,0,0,0,0,0,0,0,0,0,0,0,0,0,0,0,0,0
-0.0571,0.0022,0.0022,0.0,0.0,0.0,0.0,0.0,0.0,0.0,/Users/dzf/Desktop/research/Embedded-c/Super-Simple-Tasker-main/3rd_party/nucleo-l053r8/stm32l053xx.h,0.0,0.0,0.0,0.0,0,0,0,0,0,0,0,30,2,1,RCC_TypeDef,0,0,0,0,0,0,0,0,0,0,0,0,0,0,0,0,0,0,0,0,0,0,0,0,0,0,0,0,0,0,0,0,0,0,0,0,0,0,0,0,0,0
-0.0571,0.0022,0.0022,0.0,0.0,0.0,0.0,0.0,0.0,0.0,/Users/dzf/Desktop/research/Embedded-c/Super-Simple-Tasker-main/3rd_party/nucleo-l053r8/stm32l053xx.h,0.0,0.0,0.0,0.0,0,0,0,0,0,0,0,30,2,1,RNG_TypeDef,0,0,0,0,0,0,0,0,0,0,0,0,0,0,0,0,0,0,0,0,0,0,0,0,0,0,0,0,0,0,0,0,0,0,0,0,0,0,0,0,0,0
-0.0571,0.0022,0.0022,0.0,0.0,0.0,0.0,0.0,0.0,0.0,/Users/dzf/Desktop/research/Embedded-c/Super-Simple-Tasker-main/3rd_party/nucleo-l053r8/stm32l053xx.h,0.0,0.0,0.0,0.0,0,0,0,0,0,0,0,30,2,1,RTC_TypeDef,0,0,0,0,0,0,0,0,0,0,0,0,0,0,0,0,0,0,0,0,0,0,0,0,0,0,0,0,0,0,0,0,0,0,0,0,0,0,0,0,0,0
-0.0571,0.0022,0.0022,0.0,0.0,0.0,0.0,0.0,0.0,0.0,/Users/dzf/Desktop/research/Embedded-c/Super-Simple-Tasker-main/3rd_party/nucleo-l053r8/stm32l053xx.h,0.0,0.0,0.0,0.0,0,0,0,0,0,0,0,30,2,1,SPI_TypeDef,0,0,0,0,0,0,0,0,0,0,0,0,0,0,0,0,0,0,0,0,0,0,0,0,0,0,0,0,0,0,0,0,0,0,0,0,0,0,0,0,0,0
-0.0571,0.0022,0.0022,0.0,0.0,0.0,0.0,0.0,0.0,0.0,/Users/dzf/Desktop/research/Embedded-c/Super-Simple-Tasker-main/3rd_party/nucleo-l053r8/stm32l053xx.h,0.0,0.0,0.0,0.0,0,0,0,0,0,0,0,30,2,1,TIM_TypeDef,0,0,0,0,0,0,0,0,0,0,0,0,0,0,0,0,0,0,0,0,0,0,0,0,0,0,0,0,0,0,0,0,0,0,0,0,0,0,0,0,0,0
-0.0571,0.0022,0.0022,0.0,0.0,0.0,0.0,0.0,0.0,0.0,/Users/dzf/Desktop/research/Embedded-c/Super-Simple-Tasker-main/3rd_party/nucleo-l053r8/stm32l053xx.h,0.0,0.0,0.0,0.0,0,0,0,0,0,0,0,30,2,1,TSC_TypeDef,0,0,0,0,0,0,0,0,0,0,0,0,0,0,0,0,0,0,0,0,0,0,0,0,0,0,0,0,0,0,0,0,0,0,0,0,0,0,0,0,0,0
-0.0571,0.0022,0.0022,0.0,0.0,0.0,0.0,0.0,0.0,0.0,/Users/dzf/Desktop/research/Embedded-c/Super-Simple-Tasker-main/3rd_party/nucleo-l053r8/stm32l053xx.h,0.0,0.0,0.0,0.0,0,0,0,0,0,0,0,30,2,1,USART_TypeDef,0,0,0,0,0,0,0,0,0,0,0,0,0,0,0,0,0,0,0,0,0,0,0,0,0,0,0,0,0,0,0,0,0,0,0,0,0,0,0,0,0,0
-0.0571,0.0022,0.0022,0.0,0.0,0.0,0.0,0.0,0.0,0.0,/Users/dzf/Desktop/research/Embedded-c/Super-Simple-Tasker-main/3rd_party/nucleo-l053r8/stm32l053xx.h,0.0,0.0,0.0,0.0,0,0,0,0,0,0,0,30,2,1,WWDG_TypeDef,0,0,0,0,0,0,0,0,0,0,0,0,0,0,0,0,0,0,0,0,0,0,0,0,0,0,0,0,0,0,0,0,0,0,0,0,0,0,0,0,0,0
-0.0571,0.0022,0.0022,0.0,0.0,0.0,0.0,0.0,0.0,0.0,/Users/dzf/Desktop/research/Embedded-c/Super-Simple-Tasker-main/3rd_party/nucleo-l053r8/stm32l053xx.h,0.0,0.0,0.0,0.0,0,0,0,0,0,0,0,30,2,1,USB_TypeDef,0,0,0,0,0,0,0,0,0,0,0,0,0,0,0,0,0,0,0,0,0,0,0,0,0,0,0,0,0,0,0,0,0,0,0,0,0,0,0,0,0,0
-0.0571,0.0022,0.0022,0.0,0.0,0.0,0.0,0.0,0.0,0.0,/Users/dzf/Desktop/research/Embedded-c/Super-Simple-Tasker-main/3rd_party/ek-tm4c123gxl/cmsis_armclang.h,0.0,0.0,0.0,0.0,0,0,0,0,0,0,0,5,0,1,T_UINT32,0,0,0,0,0,0,0,0,0,0,0,0,0,0,0,0,0,0,0,0,0,0,0,0,0,0,0,0,0,0,0,0,0,0,0,0,0,0,0,0,0,0
-0.0571,0.0022,0.0022,0.0,0.0,0.0,0.0,0.0,0.0,0.0,/Users/dzf/Desktop/research/Embedded-c/Super-Simple-Tasker-main/3rd_party/ek-tm4c123gxl/cmsis_armclang.h,0.0,0.0,0.0,0.0,0,0,0,0,0,0,0,5,0,1,T_UINT16_WRITE,0,0,0,0,0,0,0,0,0,0,0,0,0,0,0,0,0,0,0,0,0,0,0,0,0,0,0,0,0,0,0,0,0,0,0,0,0,0,0,0,0,0
-0.0571,0.0022,0.0022,0.0,0.0,0.0,0.0,0.0,0.0,0.0,/Users/dzf/Desktop/research/Embedded-c/Super-Simple-Tasker-main/3rd_party/ek-tm4c123gxl/cmsis_armclang.h,0.0,0.0,0.0,0.0,0,0,0,0,0,0,0,5,0,1,T_UINT16_READ,0,0,0,0,0,0,0,0,0,0,0,0,0,0,0,0,0,0,0,0,0,0,0,0,0,0,0,0,0,0,0,0,0,0,0,0,0,0,0,0,0,0
-0.0571,0.0022,0.0022,0.0,0.0,0.0,0.0,0.0,0.0,0.0,/Users/dzf/Desktop/research/Embedded-c/Super-Simple-Tasker-main/3rd_party/ek-tm4c123gxl/cmsis_armclang.h,0.0,0.0,0.0,0.0,0,0,0,0,0,0,0,5,0,1,T_UINT32_WRITE,0,0,0,0,0,0,0,0,0,0,0,0,0,0,0,0,0,0,0,0,0,0,0,0,0,0,0,0,0,0,0,0,0,0,0,0,0,0,0,0,0,0
-0.0571,0.0022,0.0022,0.0,0.0,0.0,0.0,0.0,0.0,0.0,/Users/dzf/Desktop/research/Embedded-c/Super-Simple-Tasker-main/3rd_party/ek-tm4c123gxl/cmsis_armclang.h,0.0,0.0,0.0,0.0,0,0,0,0,0,0,0,5,0,1,T_UINT32_READ,0,0,0,0,0,0,0,0,0,0,0,0,0,0,0,0,0,0,0,0,0,0,0,0,0,0,0,0,0,0,0,0,0,0,0,0,0,0,0,0,0,0
-0.0571,0.0022,0.0022,0.0,0.0,0.0,0.0,0.0,0.0,0.0,/Users/dzf/Desktop/research/Embedded-c/Super-Simple-Tasker-main/3rd_party/ek-tm4c123gxl/cmsis_iccarm.h,0.0,0.0,0.0,0.0,0,0,0,0,0,0,0,1,0,1,__iar_u32,0,0,0,0,0,0,0,0,0,0,0,0,0,0,0,0,0,0,0,0,0,0,0,0,0,0,0,0,0,0,0,0,0,0,0,0,0,0,0,0,0,0
-0.0571,0.0022,0.0022,0.0,0.0,0.0,0.0,0.0,0.0,0.0,/Users/dzf/Desktop/research/Embedded-c/Super-Simple-Tasker-main/3rd_party/ek-tm4c123gxl/cmsis_gcc.h,0.0,0.0,0.0,0.0,0,0,0,0,0,0,0,7,0,1,T_UINT32,0,0,0,0,0,0,0,0,0,0,0,0,0,0,0,0,0,0,0,0,0,0,0,0,0,0,0,0,0,0,0,0,0,0,0,0,0,0,0,0,0,0
-0.0571,0.0022,0.0022,0.0,0.0,0.0,0.0,0.0,0.0,0.0,/Users/dzf/Desktop/research/Embedded-c/Super-Simple-Tasker-main/3rd_party/ek-tm4c123gxl/cmsis_gcc.h,0.0,0.0,0.0,0.0,0,0,0,0,0,0,0,7,0,1,T_UINT16_WRITE,0,0,0,0,0,0,0,0,0,0,0,0,0,0,0,0,0,0,0,0,0,0,0,0,0,0,0,0,0,0,0,0,0,0,0,0,0,0,0,0,0,0
-0.0571,0.0022,0.0022,0.0,0.0,0.0,0.0,0.0,0.0,0.0,/Users/dzf/Desktop/research/Embedded-c/Super-Simple-Tasker-main/3rd_party/ek-tm4c123gxl/cmsis_gcc.h,0.0,0.0,0.0,0.0,0,0,0,0,0,0,0,7,0,1,T_UINT16_READ,0,0,0,0,0,0,0,0,0,0,0,0,0,0,0,0,0,0,0,0,0,0,0,0,0,0,0,0,0,0,0,0,0,0,0,0,0,0,0,0,0,0
-0.0571,0.0022,0.0022,0.0,0.0,0.0,0.0,0.0,0.0,0.0,/Users/dzf/Desktop/research/Embedded-c/Super-Simple-Tasker-main/3rd_party/ek-tm4c123gxl/cmsis_gcc.h,0.0,0.0,0.0,0.0,0,0,0,0,0,0,0,7,0,1,T_UINT32_WRITE,0,0,0,0,0,0,0,0,0,0,0,0,0,0,0,0,0,0,0,0,0,0,0,0,0,0,0,0,0,0,0,0,0,0,0,0,0,0,0,0,0,0
-0.0571,0.0022,0.0022,0.0,0.0,0.0,0.0,0.0,0.0,0.0,/Users/dzf/Desktop/research/Embedded-c/Super-Simple-Tasker-main/3rd_party/ek-tm4c123gxl/cmsis_gcc.h,0.0,0.0,0.0,0.0,0,0,0,0,0,0,0,7,0,1,T_UINT32_READ,0,0,0,0,0,0,0,0,0,0,0,0,0,0,0,0,0,0,0,0,0,0,0,0,0,0,0,0,0,0,0,0,0,0,0,0,0,0,0,0,0,0
-0.0571,0.0022,0.0022,0.0,0.0,0.0,0.0,0.0,0.0,0.0,/Users/dzf/Desktop/research/Embedded-c/Super-Simple-Tasker-main/3rd_party/ek-tm4c123gxl/cmsis_gcc.h,0.0,0.0,0.0,0.0,0,0,0,0,0,0,0,7,0,1,__cmsis_start::__copy_table_t,0,0,0,0,0,0,0,0,0,0,0,0,0,0,0,0,0,0,0,0,0,0,0,0,0,0,0,0,0,0,0,0,0,0,0,0,0,0,0,0,0,0
-0.0571,0.0022,0.0022,0.0,0.0,0.0,0.0,0.0,0.0,0.0,/Users/dzf/Desktop/research/Embedded-c/Super-Simple-Tasker-main/3rd_party/ek-tm4c123gxl/cmsis_gcc.h,0.0,0.0,0.0,0.0,0,0,0,0,0,0,0,7,0,1,__cmsis_start::__zero_table_t,0,0,0,0,0,0,0,0,0,0,0,0,0,0,0,0,0,0,0,0,0,0,0,0,0,0,0,0,0,0,0,0,0,0,0,0,0,0,0,0,0,0
-0.0571,0.0022,0.0022,0.0,0.0,0.0,0.0,0.0,0.0,0.0,/Users/dzf/Desktop/research/Embedded-c/Super-Simple-Tasker-main/3rd_party/ek-tm4c123gxl/core_cm4.h,0.0,0.0,0.0,0.0,0,0,0,0,0,0,0,13,3,1,APSR_Type::[unnamed],0,0,0,0,0,0,0,0,0,0,0,0,0,0,0,0,0,0,0,0,0,0,0,0,0,0,0,0,0,0,0,0,0,0,0,0,0,0,0,0,0,0
-0.0571,0.0022,0.0022,0.0,0.0,0.0,0.0,0.0,0.0,0.0,/Users/dzf/Desktop/research/Embedded-c/Super-Simple-Tasker-main/3rd_party/ek-tm4c123gxl/core_cm4.h,0.0,0.0,0.0,0.0,0,0,0,0,0,0,0,13,3,1,IPSR_Type::[unnamed],0,0,0,0,0,0,0,0,0,0,0,0,0,0,0,0,0,0,0,0,0,0,0,0,0,0,0,0,0,0,0,0,0,0,0,0,0,0,0,0,0,0
-0.0571,0.0022,0.0022,0.0,0.0,0.0,0.0,0.0,0.0,0.0,/Users/dzf/Desktop/research/Embedded-c/Super-Simple-Tasker-main/3rd_party/ek-tm4c123gxl/core_cm4.h,0.0,0.0,0.0,0.0,0,0,0,0,0,0,0,13,3,1,xPSR_Type::[unnamed],0,0,0,0,0,0,0,0,0,0,0,0,0,0,0,0,0,0,0,0,0,0,0,0,0,0,0,0,0,0,0,0,0,0,0,0,0,0,0,0,0,0
-0.0571,0.0022,0.0022,0.0,0.0,0.0,0.0,0.0,0.0,0.0,/Users/dzf/Desktop/research/Embedded-c/Super-Simple-Tasker-main/3rd_party/ek-tm4c123gxl/core_cm4.h,0.0,0.0,0.0,0.0,0,0,0,0,0,0,0,13,3,1,CONTROL_Type::[unnamed],0,0,0,0,0,0,0,0,0,0,0,0,0,0,0,0,0,0,0,0,0,0,0,0,0,0,0,0,0,0,0,0,0,0,0,0,0,0,0,0,0,0
-0.0571,0.0022,0.0022,0.0,0.0,0.0,0.0,0.0,0.0,0.0,/Users/dzf/Desktop/research/Embedded-c/Super-Simple-Tasker-main/3rd_party/ek-tm4c123gxl/core_cm4.h,0.0,0.0,0.0,0.0,0,0,0,0,0,0,0,13,3,1,NVIC_Type,0,0,0,0,0,0,0,0,0,0,0,0,0,0,0,0,0,0,0,0,0,0,0,0,0,0,0,0,0,0,0,0,0,0,0,0,0,0,0,0,0,0
-0.0571,0.0022,0.0022,0.0,0.0,0.0,0.0,0.0,0.0,0.0,/Users/dzf/Desktop/research/Embedded-c/Super-Simple-Tasker-main/3rd_party/ek-tm4c123gxl/core_cm4.h,0.0,0.0,0.0,0.0,0,0,0,0,0,0,0,13,3,1,SCB_Type,0,0,0,0,0,0,0,0,0,0,0,0,0,0,0,0,0,0,0,0,0,0,0,0,0,0,0,0,0,0,0,0,0,0,0,0,0,0,0,0,0,0
-0.0571,0.0022,0.0022,0.0,0.0,0.0,0.0,0.0,0.0,0.0,/Users/dzf/Desktop/research/Embedded-c/Super-Simple-Tasker-main/3rd_party/ek-tm4c123gxl/core_cm4.h,0.0,0.0,0.0,0.0,0,0,0,0,0,0,0,13,3,1,SCnSCB_Type,0,0,0,0,0,0,0,0,0,0,0,0,0,0,0,0,0,0,0,0,0,0,0,0,0,0,0,0,0,0,0,0,0,0,0,0,0,0,0,0,0,0
-0.0571,0.0022,0.0022,0.0,0.0,0.0,0.0,0.0,0.0,0.0,/Users/dzf/Desktop/research/Embedded-c/Super-Simple-Tasker-main/3rd_party/ek-tm4c123gxl/core_cm4.h,0.0,0.0,0.0,0.0,0,0,0,0,0,0,0,13,3,1,SysTick_Type,0,0,0,0,0,0,0,0,0,0,0,0,0,0,0,0,0,0,0,0,0,0,0,0,0,0,0,0,0,0,0,0,0,0,0,0,0,0,0,0,0,0
-0.0571,0.0022,0.0022,0.0,0.0,0.0,0.0,0.0,0.0,0.0,/Users/dzf/Desktop/research/Embedded-c/Super-Simple-Tasker-main/3rd_party/ek-tm4c123gxl/core_cm4.h,0.0,0.0,0.0,0.0,0,0,0,0,0,0,0,13,3,1,ITM_Type,0,0,0,0,0,0,0,0,0,0,0,0,0,0,0,0,0,0,0,0,0,0,0,0,0,0,0,0,0,0,0,0,0,0,0,0,0,0,0,0,0,0
-0.0571,0.0022,0.0022,0.0,0.0,0.0,0.0,0.0,0.0,0.0,/Users/dzf/Desktop/research/Embedded-c/Super-Simple-Tasker-main/3rd_party/ek-tm4c123gxl/core_cm4.h,0.0,0.0,0.0,0.0,0,0,0,0,0,0,0,13,3,1,DWT_Type,0,0,0,0,0,0,0,0,0,0,0,0,0,0,0,0,0,0,0,0,0,0,0,0,0,0,0,0,0,0,0,0,0,0,0,0,0,0,0,0,0,0
-0.0571,0.0022,0.0022,0.0,0.0,0.0,0.0,0.0,0.0,0.0,/Users/dzf/Desktop/research/Embedded-c/Super-Simple-Tasker-main/3rd_party/ek-tm4c123gxl/core_cm4.h,0.0,0.0,0.0,0.0,0,0,0,0,0,0,0,13,3,1,TPI_Type,0,0,0,0,0,0,0,0,0,0,0,0,0,0,0,0,0,0,0,0,0,0,0,0,0,0,0,0,0,0,0,0,0,0,0,0,0,0,0,0,0,0
-0.0571,0.0022,0.0022,0.0,0.0,0.0,0.0,0.0,0.0,0.0,/Users/dzf/Desktop/research/Embedded-c/Super-Simple-Tasker-main/3rd_party/ek-tm4c123gxl/core_cm4.h,0.0,0.0,0.0,0.0,0,0,0,0,0,0,0,13,3,1,FPU_Type,0,0,0,0,0,0,0,0,0,0,0,0,0,0,0,0,0,0,0,0,0,0,0,0,0,0,0,0,0,0,0,0,0,0,0,0,0,0,0,0,0,0
-0.0571,0.0022,0.0022,0.0,0.0,0.0,0.0,0.0,0.0,0.0,/Users/dzf/Desktop/research/Embedded-c/Super-Simple-Tasker-main/3rd_party/ek-tm4c123gxl/core_cm4.h,0.0,0.0,0.0,0.0,0,0,0,0,0,0,0,13,3,1,CoreDebug_Type,0,0,0,0,0,0,0,0,0,0,0,0,0,0,0,0,0,0,0,0,0,0,0,0,0,0,0,0,0,0,0,0,0,0,0,0,0,0,0,0,0,0
-0.0571,0.0022,0.0022,0.0,0.0,0.0,0.0,0.0,0.0,0.0,/Users/dzf/Desktop/research/Embedded-c/Super-Simple-Tasker-main/3rd_party/ek-tm4c123gxl/mpu_armv7.h,0.0,0.0,0.0,0.0,0,0,0,0,0,0,0,1,0,1,ARM_MPU_Region_t,0,0,0,0,0,0,0,0,0,0,0,0,0,0,0,0,0,0,0,0,0,0,0,0,0,0,0,0,0,0,0,0,0,0,0,0,0,0,0,0,0,0
-0.0571,0.0022,0.0022,0.0,0.0,0.0,0.0,0.0,0.0,0.0,/Users/dzf/Desktop/research/Embedded-c/Super-Simple-Tasker-main/3rd_party/ek-tm4c123gxl/TM4C123GH6PM.h,0.0,0.0,0.0,0.0,0,0,0,0,0,0,0,19,2,1,WATCHDOG0_Type,0,0,0,0,0,0,0,0,0,0,0,0,0,0,0,0,0,0,0,0,0,0,0,0,0,0,0,0,0,0,0,0,0,0,0,0,0,0,0,0,0,0
-0.0571,0.0022,0.0022,0.0,0.0,0.0,0.0,0.0,0.0,0.0,/Users/dzf/Desktop/research/Embedded-c/Super-Simple-Tasker-main/3rd_party/ek-tm4c123gxl/TM4C123GH6PM.h,0.0,0.0,0.0,0.0,0,0,0,0,0,0,0,19,2,1,GPIOA_Type,0,0,0,0,0,0,0,0,0,0,0,0,0,0,0,0,0,0,0,0,0,0,0,0,0,0,0,0,0,0,0,0,0,0,0,0,0,0,0,0,0,0
-0.0571,0.0022,0.0022,0.0,0.0,0.0,0.0,0.0,0.0,0.0,/Users/dzf/Desktop/research/Embedded-c/Super-Simple-Tasker-main/3rd_party/ek-tm4c123gxl/TM4C123GH6PM.h,0.0,0.0,0.0,0.0,0,0,0,0,0,0,0,19,2,1,SSI0_Type,0,0,0,0,0,0,0,0,0,0,0,0,0,0,0,0,0,0,0,0,0,0,0,0,0,0,0,0,0,0,0,0,0,0,0,0,0,0,0,0,0,0
-0.0571,0.0022,0.0022,0.0,0.0,0.0,0.0,0.0,0.0,0.0,/Users/dzf/Desktop/research/Embedded-c/Super-Simple-Tasker-main/3rd_party/ek-tm4c123gxl/TM4C123GH6PM.h,0.0,0.0,0.0,0.0,0,0,0,0,0,0,0,19,2,1,UART0_Type,0,0,0,0,0,0,0,0,0,0,0,0,0,0,0,0,0,0,0,0,0,0,0,0,0,0,0,0,0,0,0,0,0,0,0,0,0,0,0,0,0,0
-0.0571,0.0022,0.0022,0.0,0.0,0.0,0.0,0.0,0.0,0.0,/Users/dzf/Desktop/research/Embedded-c/Super-Simple-Tasker-main/3rd_party/ek-tm4c123gxl/TM4C123GH6PM.h,0.0,0.0,0.0,0.0,0,0,0,0,0,0,0,19,2,1,I2C0_Type,0,0,0,0,0,0,0,0,0,0,0,0,0,0,0,0,0,0,0,0,0,0,0,0,0,0,0,0,0,0,0,0,0,0,0,0,0,0,0,0,0,0
-0.0571,0.0022,0.0022,0.0,0.0,0.0,0.0,0.0,0.0,0.0,/Users/dzf/Desktop/research/Embedded-c/Super-Simple-Tasker-main/3rd_party/ek-tm4c123gxl/TM4C123GH6PM.h,0.0,0.0,0.0,0.0,0,0,0,0,0,0,0,19,2,1,PWM0_Type,0,0,0,0,0,0,0,0,0,0,0,0,0,0,0,0,0,0,0,0,0,0,0,0,0,0,0,0,0,0,0,0,0,0,0,0,0,0,0,0,0,0
-0.0571,0.0022,0.0022,0.0,0.0,0.0,0.0,0.0,0.0,0.0,/Users/dzf/Desktop/research/Embedded-c/Super-Simple-Tasker-main/3rd_party/ek-tm4c123gxl/TM4C123GH6PM.h,0.0,0.0,0.0,0.0,0,0,0,0,0,0,0,19,2,1,QEI0_Type,0,0,0,0,0,0,0,0,0,0,0,0,0,0,0,0,0,0,0,0,0,0,0,0,0,0,0,0,0,0,0,0,0,0,0,0,0,0,0,0,0,0
-0.0571,0.0022,0.0022,0.0,0.0,0.0,0.0,0.0,0.0,0.0,/Users/dzf/Desktop/research/Embedded-c/Super-Simple-Tasker-main/3rd_party/ek-tm4c123gxl/TM4C123GH6PM.h,0.0,0.0,0.0,0.0,0,0,0,0,0,0,0,19,2,1,TIMER0_Type,0,0,0,0,0,0,0,0,0,0,0,0,0,0,0,0,0,0,0,0,0,0,0,0,0,0,0,0,0,0,0,0,0,0,0,0,0,0,0,0,0,0
-0.0571,0.0022,0.0022,0.0,0.0,0.0,0.0,0.0,0.0,0.0,/Users/dzf/Desktop/research/Embedded-c/Super-Simple-Tasker-main/3rd_party/ek-tm4c123gxl/TM4C123GH6PM.h,0.0,0.0,0.0,0.0,0,0,0,0,0,0,0,19,2,1,WTIMER0_Type,0,0,0,0,0,0,0,0,0,0,0,0,0,0,0,0,0,0,0,0,0,0,0,0,0,0,0,0,0,0,0,0,0,0,0,0,0,0,0,0,0,0
-0.0571,0.0022,0.0022,0.0,0.0,0.0,0.0,0.0,0.0,0.0,/Users/dzf/Desktop/research/Embedded-c/Super-Simple-Tasker-main/3rd_party/ek-tm4c123gxl/TM4C123GH6PM.h,0.0,0.0,0.0,0.0,0,0,0,0,0,0,0,19,2,1,ADC0_Type,0,0,0,0,0,0,0,0,0,0,0,0,0,0,0,0,0,0,0,0,0,0,0,0,0,0,0,0,0,0,0,0,0,0,0,0,0,0,0,0,0,0
-0.0571,0.0022,0.0022,0.0,0.0,0.0,0.0,0.0,0.0,0.0,/Users/dzf/Desktop/research/Embedded-c/Super-Simple-Tasker-main/3rd_party/ek-tm4c123gxl/TM4C123GH6PM.h,0.0,0.0,0.0,0.0,0,0,0,0,0,0,0,19,2,1,COMP_Type,0,0,0,0,0,0,0,0,0,0,0,0,0,0,0,0,0,0,0,0,0,0,0,0,0,0,0,0,0,0,0,0,0,0,0,0,0,0,0,0,0,0
-0.0571,0.0022,0.0022,0.0,0.0,0.0,0.0,0.0,0.0,0.0,/Users/dzf/Desktop/research/Embedded-c/Super-Simple-Tasker-main/3rd_party/ek-tm4c123gxl/TM4C123GH6PM.h,0.0,0.0,0.0,0.0,0,0,0,0,0,0,0,19,2,1,CAN0_Type,0,0,0,0,0,0,0,0,0,0,0,0,0,0,0,0,0,0,0,0,0,0,0,0,0,0,0,0,0,0,0,0,0,0,0,0,0,0,0,0,0,0
-0.0571,0.0022,0.0022,0.0,0.0,0.0,0.0,0.0,0.0,0.0,/Users/dzf/Desktop/research/Embedded-c/Super-Simple-Tasker-main/3rd_party/ek-tm4c123gxl/TM4C123GH6PM.h,0.0,0.0,0.0,0.0,0,0,0,0,0,0,0,19,2,1,USB0_Type,0,0,0,0,0,0,0,0,0,0,0,0,0,0,0,0,0,0,0,0,0,0,0,0,0,0,0,0,0,0,0,0,0,0,0,0,0,0,0,0,0,0
-0.0571,0.0022,0.0022,0.0,0.0,0.0,0.0,0.0,0.0,0.0,/Users/dzf/Desktop/research/Embedded-c/Super-Simple-Tasker-main/3rd_party/ek-tm4c123gxl/TM4C123GH6PM.h,0.0,0.0,0.0,0.0,0,0,0,0,0,0,0,19,2,1,EEPROM_Type,0,0,0,0,0,0,0,0,0,0,0,0,0,0,0,0,0,0,0,0,0,0,0,0,0,0,0,0,0,0,0,0,0,0,0,0,0,0,0,0,0,0
-0.0571,0.0022,0.0022,0.0,0.0,0.0,0.0,0.0,0.0,0.0,/Users/dzf/Desktop/research/Embedded-c/Super-Simple-Tasker-main/3rd_party/ek-tm4c123gxl/TM4C123GH6PM.h,0.0,0.0,0.0,0.0,0,0,0,0,0,0,0,19,2,1,SYSEXC_Type,0,0,0,0,0,0,0,0,0,0,0,0,0,0,0,0,0,0,0,0,0,0,0,0,0,0,0,0,0,0,0,0,0,0,0,0,0,0,0,0,0,0
-0.0571,0.0022,0.0022,0.0,0.0,0.0,0.0,0.0,0.0,0.0,/Users/dzf/Desktop/research/Embedded-c/Super-Simple-Tasker-main/3rd_party/ek-tm4c123gxl/TM4C123GH6PM.h,0.0,0.0,0.0,0.0,0,0,0,0,0,0,0,19,2,1,HIB_Type,0,0,0,0,0,0,0,0,0,0,0,0,0,0,0,0,0,0,0,0,0,0,0,0,0,0,0,0,0,0,0,0,0,0,0,0,0,0,0,0,0,0
-0.0571,0.0022,0.0022,0.0,0.0,0.0,0.0,0.0,0.0,0.0,/Users/dzf/Desktop/research/Embedded-c/Super-Simple-Tasker-main/3rd_party/ek-tm4c123gxl/TM4C123GH6PM.h,0.0,0.0,0.0,0.0,0,0,0,0,0,0,0,19,2,1,FLASH_CTRL_Type,0,0,0,0,0,0,0,0,0,0,0,0,0,0,0,0,0,0,0,0,0,0,0,0,0,0,0,0,0,0,0,0,0,0,0,0,0,0,0,0,0,0
-0.0571,0.0022,0.0022,0.0,0.0,0.0,0.0,0.0,0.0,0.0,/Users/dzf/Desktop/research/Embedded-c/Super-Simple-Tasker-main/3rd_party/ek-tm4c123gxl/TM4C123GH6PM.h,0.0,0.0,0.0,0.0,0,0,0,0,0,0,0,19,2,1,SYSCTL_Type,0,0,0,0,0,0,0,0,0,0,0,0,0,0,0,0,0,0,0,0,0,0,0,0,0,0,0,0,0,0,0,0,0,0,0,0,0,0,0,0,0,0
-0.0571,0.0022,0.0022,0.0,0.0,0.0,0.0,0.0,0.0,0.0,/Users/dzf/Desktop/research/Embedded-c/Super-Simple-Tasker-main/3rd_party/ek-tm4c123gxl/TM4C123GH6PM.h,0.0,0.0,0.0,0.0,0,0,0,0,0,0,0,19,2,1,UDMA_Type,0,0,0,0,0,0,0,0,0,0,0,0,0,0,0,0,0,0,0,0,0,0,0,0,0,0,0,0,0,0,0,0,0,0,0,0,0,0,0,0,0,0
-0.0571,0.0022,0.0022,0.0,0.0,0.0,0.0,0.0,0.0,0.0,/Users/dzf/Desktop/research/Embedded-c/Super-Simple-Tasker-main/3rd_party/nucleo-c031c6/core_cm0plus.h,0.0,0.0,0.0,0.0,0,0,0,0,0,0,0,7,3,1,APSR_Type::[unnamed],0,0,0,0,0,0,0,0,0,0,0,0,0,0,0,0,0,0,0,0,0,0,0,0,0,0,0,0,0,0,0,0,0,0,0,0,0,0,0,0,0,0
-0.0571,0.0022,0.0022,0.0,0.0,0.0,0.0,0.0,0.0,0.0,/Users/dzf/Desktop/research/Embedded-c/Super-Simple-Tasker-main/3rd_party/nucleo-c031c6/core_cm0plus.h,0.0,0.0,0.0,0.0,0,0,0,0,0,0,0,7,3,1,IPSR_Type::[unnamed],0,0,0,0,0,0,0,0,0,0,0,0,0,0,0,0,0,0,0,0,0,0,0,0,0,0,0,0,0,0,0,0,0,0,0,0,0,0,0,0,0,0
-0.0571,0.0022,0.0022,0.0,0.0,0.0,0.0,0.0,0.0,0.0,/Users/dzf/Desktop/research/Embedded-c/Super-Simple-Tasker-main/3rd_party/nucleo-c031c6/core_cm0plus.h,0.0,0.0,0.0,0.0,0,0,0,0,0,0,0,7,3,1,xPSR_Type::[unnamed],0,0,0,0,0,0,0,0,0,0,0,0,0,0,0,0,0,0,0,0,0,0,0,0,0,0,0,0,0,0,0,0,0,0,0,0,0,0,0,0,0,0
-0.0571,0.0022,0.0022,0.0,0.0,0.0,0.0,0.0,0.0,0.0,/Users/dzf/Desktop/research/Embedded-c/Super-Simple-Tasker-main/3rd_party/nucleo-c031c6/core_cm0plus.h,0.0,0.0,0.0,0.0,0,0,0,0,0,0,0,7,3,1,CONTROL_Type::[unnamed],0,0,0,0,0,0,0,0,0,0,0,0,0,0,0,0,0,0,0,0,0,0,0,0,0,0,0,0,0,0,0,0,0,0,0,0,0,0,0,0,0,0
-0.0571,0.0022,0.0022,0.0,0.0,0.0,0.0,0.0,0.0,0.0,/Users/dzf/Desktop/research/Embedded-c/Super-Simple-Tasker-main/3rd_party/nucleo-c031c6/core_cm0plus.h,0.0,0.0,0.0,0.0,0,0,0,0,0,0,0,7,3,1,NVIC_Type,0,0,0,0,0,0,0,0,0,0,0,0,0,0,0,0,0,0,0,0,0,0,0,0,0,0,0,0,0,0,0,0,0,0,0,0,0,0,0,0,0,0
-0.0571,0.0022,0.0022,0.0,0.0,0.0,0.0,0.0,0.0,0.0,/Users/dzf/Desktop/research/Embedded-c/Super-Simple-Tasker-main/3rd_party/nucleo-c031c6/core_cm0plus.h,0.0,0.0,0.0,0.0,0,0,0,0,0,0,0,7,3,1,SCB_Type,0,0,0,0,0,0,0,0,0,0,0,0,0,0,0,0,0,0,0,0,0,0,0,0,0,0,0,0,0,0,0,0,0,0,0,0,0,0,0,0,0,0
-0.0571,0.0022,0.0022,0.0,0.0,0.0,0.0,0.0,0.0,0.0,/Users/dzf/Desktop/research/Embedded-c/Super-Simple-Tasker-main/3rd_party/nucleo-c031c6/core_cm0plus.h,0.0,0.0,0.0,0.0,0,0,0,0,0,0,0,7,3,1,SysTick_Type,0,0,0,0,0,0,0,0,0,0,0,0,0,0,0,0,0,0,0,0,0,0,0,0,0,0,0,0,0,0,0,0,0,0,0,0,0,0,0,0,0,0
-0.0571,0.0022,0.0022,0.0,0.0,0.0,0.0,0.0,0.0,0.0,/Users/dzf/Desktop/research/Embedded-c/Super-Simple-Tasker-main/3rd_party/nucleo-c031c6/mpu_armv7.h,0.0,0.0,0.0,0.0,0,0,0,0,0,0,0,1,0,1,ARM_MPU_Region_t,0,0,0,0,0,0,0,0,0,0,0,0,0,0,0,0,0,0,0,0,0,0,0,0,0,0,0,0,0,0,0,0,0,0,0,0,0,0,0,0,0,0
-0.0571,0.0022,0.0022,0.0,0.0,0.0,0.0,0.0,0.0,0.0,/Users/dzf/Desktop/research/Embedded-c/Super-Simple-Tasker-main/3rd_party/nucleo-c031c6/cmsis_iccarm.h,0.0,0.0,0.0,0.0,0,0,0,0,0,0,0,1,0,1,__iar_u32,0,0,0,0,0,0,0,0,0,0,0,0,0,0,0,0,0,0,0,0,0,0,0,0,0,0,0,0,0,0,0,0,0,0,0,0,0,0,0,0,0,0
-0.0571,0.0022,0.0022,0.0,0.0,0.0,0.0,0.0,0.0,0.0,/Users/dzf/Desktop/research/Embedded-c/Super-Simple-Tasker-main/3rd_party/nucleo-c031c6/cmsis_gcc.h,0.0,0.0,0.0,0.0,0,0,0,0,0,0,0,7,0,1,T_UINT32,0,0,0,0,0,0,0,0,0,0,0,0,0,0,0,0,0,0,0,0,0,0,0,0,0,0,0,0,0,0,0,0,0,0,0,0,0,0,0,0,0,0
-0.0571,0.0022,0.0022,0.0,0.0,0.0,0.0,0.0,0.0,0.0,/Users/dzf/Desktop/research/Embedded-c/Super-Simple-Tasker-main/3rd_party/nucleo-c031c6/cmsis_gcc.h,0.0,0.0,0.0,0.0,0,0,0,0,0,0,0,7,0,1,T_UINT16_WRITE,0,0,0,0,0,0,0,0,0,0,0,0,0,0,0,0,0,0,0,0,0,0,0,0,0,0,0,0,0,0,0,0,0,0,0,0,0,0,0,0,0,0
-0.0571,0.0022,0.0022,0.0,0.0,0.0,0.0,0.0,0.0,0.0,/Users/dzf/Desktop/research/Embedded-c/Super-Simple-Tasker-main/3rd_party/nucleo-c031c6/cmsis_gcc.h,0.0,0.0,0.0,0.0,0,0,0,0,0,0,0,7,0,1,T_UINT16_READ,0,0,0,0,0,0,0,0,0,0,0,0,0,0,0,0,0,0,0,0,0,0,0,0,0,0,0,0,0,0,0,0,0,0,0,0,0,0,0,0,0,0
-0.0571,0.0022,0.0022,0.0,0.0,0.0,0.0,0.0,0.0,0.0,/Users/dzf/Desktop/research/Embedded-c/Super-Simple-Tasker-main/3rd_party/nucleo-c031c6/cmsis_gcc.h,0.0,0.0,0.0,0.0,0,0,0,0,0,0,0,7,0,1,T_UINT32_WRITE,0,0,0,0,0,0,0,0,0,0,0,0,0,0,0,0,0,0,0,0,0,0,0,0,0,0,0,0,0,0,0,0,0,0,0,0,0,0,0,0,0,0
-0.0571,0.0022,0.0022,0.0,0.0,0.0,0.0,0.0,0.0,0.0,/Users/dzf/Desktop/research/Embedded-c/Super-Simple-Tasker-main/3rd_party/nucleo-c031c6/cmsis_gcc.h,0.0,0.0,0.0,0.0,0,0,0,0,0,0,0,7,0,1,T_UINT32_READ,0,0,0,0,0,0,0,0,0,0,0,0,0,0,0,0,0,0,0,0,0,0,0,0,0,0,0,0,0,0,0,0,0,0,0,0,0,0,0,0,0,0
-0.0571,0.0022,0.0022,0.0,0.0,0.0,0.0,0.0,0.0,0.0,/Users/dzf/Desktop/research/Embedded-c/Super-Simple-Tasker-main/3rd_party/nucleo-c031c6/cmsis_gcc.h,0.0,0.0,0.0,0.0,0,0,0,0,0,0,0,7,0,1,__cmsis_start::__copy_table_t,0,0,0,0,0,0,0,0,0,0,0,0,0,0,0,0,0,0,0,0,0,0,0,0,0,0,0,0,0,0,0,0,0,0,0,0,0,0,0,0,0,0
-0.0571,0.0022,0.0022,0.0,0.0,0.0,0.0,0.0,0.0,0.0,/Users/dzf/Desktop/research/Embedded-c/Super-Simple-Tasker-main/3rd_party/nucleo-c031c6/cmsis_gcc.h,0.0,0.0,0.0,0.0,0,0,0,0,0,0,0,7,0,1,__cmsis_start::__zero_table_t,0,0,0,0,0,0,0,0,0,0,0,0,0,0,0,0,0,0,0,0,0,0,0,0,0,0,0,0,0,0,0,0,0,0,0,0,0,0,0,0,0,0
-0.0571,0.0022,0.0022,0.0,0.0,0.0,0.0,0.0,0.0,0.0,/Users/dzf/Desktop/research/Embedded-c/Super-Simple-Tasker-main/3rd_party/nucleo-c031c6/cmsis_armclang.h,0.0,0.0,0.0,0.0,0,0,0,0,0,0,0,5,0,1,T_UINT32,0,0,0,0,0,0,0,0,0,0,0,0,0,0,0,0,0,0,0,0,0,0,0,0,0,0,0,0,0,0,0,0,0,0,0,0,0,0,0,0,0,0
-0.0571,0.0022,0.0022,0.0,0.0,0.0,0.0,0.0,0.0,0.0,/Users/dzf/Desktop/research/Embedded-c/Super-Simple-Tasker-main/3rd_party/nucleo-c031c6/cmsis_armclang.h,0.0,0.0,0.0,0.0,0,0,0,0,0,0,0,5,0,1,T_UINT16_WRITE,0,0,0,0,0,0,0,0,0,0,0,0,0,0,0,0,0,0,0,0,0,0,0,0,0,0,0,0,0,0,0,0,0,0,0,0,0,0,0,0,0,0
-0.0571,0.0022,0.0022,0.0,0.0,0.0,0.0,0.0,0.0,0.0,/Users/dzf/Desktop/research/Embedded-c/Super-Simple-Tasker-main/3rd_party/nucleo-c031c6/cmsis_armclang.h,0.0,0.0,0.0,0.0,0,0,0,0,0,0,0,5,0,1,T_UINT16_READ,0,0,0,0,0,0,0,0,0,0,0,0,0,0,0,0,0,0,0,0,0,0,0,0,0,0,0,0,0,0,0,0,0,0,0,0,0,0,0,0,0,0
-0.0571,0.0022,0.0022,0.0,0.0,0.0,0.0,0.0,0.0,0.0,/Users/dzf/Desktop/research/Embedded-c/Super-Simple-Tasker-main/3rd_party/nucleo-c031c6/cmsis_armclang.h,0.0,0.0,0.0,0.0,0,0,0,0,0,0,0,5,0,1,T_UINT32_WRITE,0,0,0,0,0,0,0,0,0,0,0,0,0,0,0,0,0,0,0,0,0,0,0,0,0,0,0,0,0,0,0,0,0,0,0,0,0,0,0,0,0,0
-0.0571,0.0022,0.0022,0.0,0.0,0.0,0.0,0.0,0.0,0.0,/Users/dzf/Desktop/research/Embedded-c/Super-Simple-Tasker-main/3rd_party/nucleo-c031c6/cmsis_armclang.h,0.0,0.0,0.0,0.0,0,0,0,0,0,0,0,5,0,1,T_UINT32_READ,0,0,0,0,0,0,0,0,0,0,0,0,0,0,0,0,0,0,0,0,0,0,0,0,0,0,0,0,0,0,0,0,0,0,0,0,0,0,0,0,0,0
-0.0571,0.0022,0.0022,0.0,0.0,0.0,0.0,0.0,0.0,0.0,/Users/dzf/Desktop/research/Embedded-c/Super-Simple-Tasker-main/3rd_party/nucleo-c031c6/stm32c031xx.h,0.0,0.0,0.0,0.0,0,0,0,0,0,0,0,23,2,1,ADC_TypeDef,0,0,0,0,0,0,0,0,0,0,0,0,0,0,0,0,0,0,0,0,0,0,0,0,0,0,0,0,0,0,0,0,0,0,0,0,0,0,0,0,0,0
-0.0571,0.0022,0.0022,0.0,0.0,0.0,0.0,0.0,0.0,0.0,/Users/dzf/Desktop/research/Embedded-c/Super-Simple-Tasker-main/3rd_party/nucleo-c031c6/stm32c031xx.h,0.0,0.0,0.0,0.0,0,0,0,0,0,0,0,23,2,1,ADC_Common_TypeDef,0,0,0,0,0,0,0,0,0,0,0,0,0,0,0,0,0,0,0,0,0,0,0,0,0,0,0,0,0,0,0,0,0,0,0,0,0,0,0,0,0,0
-0.0571,0.0022,0.0022,0.0,0.0,0.0,0.0,0.0,0.0,0.0,/Users/dzf/Desktop/research/Embedded-c/Super-Simple-Tasker-main/3rd_party/nucleo-c031c6/stm32c031xx.h,0.0,0.0,0.0,0.0,0,0,0,0,0,0,0,23,2,1,CRC_TypeDef,0,0,0,0,0,0,0,0,0,0,0,0,0,0,0,0,0,0,0,0,0,0,0,0,0,0,0,0,0,0,0,0,0,0,0,0,0,0,0,0,0,0
-0.0571,0.0022,0.0022,0.0,0.0,0.0,0.0,0.0,0.0,0.0,/Users/dzf/Desktop/research/Embedded-c/Super-Simple-Tasker-main/3rd_party/nucleo-c031c6/stm32c031xx.h,0.0,0.0,0.0,0.0,0,0,0,0,0,0,0,23,2,1,DBG_TypeDef,0,0,0,0,0,0,0,0,0,0,0,0,0,0,0,0,0,0,0,0,0,0,0,0,0,0,0,0,0,0,0,0,0,0,0,0,0,0,0,0,0,0
-0.0571,0.0022,0.0022,0.0,0.0,0.0,0.0,0.0,0.0,0.0,/Users/dzf/Desktop/research/Embedded-c/Super-Simple-Tasker-main/3rd_party/nucleo-c031c6/stm32c031xx.h,0.0,0.0,0.0,0.0,0,0,0,0,0,0,0,23,2,1,DMA_Channel_TypeDef,0,0,0,0,0,0,0,0,0,0,0,0,0,0,0,0,0,0,0,0,0,0,0,0,0,0,0,0,0,0,0,0,0,0,0,0,0,0,0,0,0,0
-0.0571,0.0022,0.0022,0.0,0.0,0.0,0.0,0.0,0.0,0.0,/Users/dzf/Desktop/research/Embedded-c/Super-Simple-Tasker-main/3rd_party/nucleo-c031c6/stm32c031xx.h,0.0,0.0,0.0,0.0,0,0,0,0,0,0,0,23,2,1,DMA_TypeDef,0,0,0,0,0,0,0,0,0,0,0,0,0,0,0,0,0,0,0,0,0,0,0,0,0,0,0,0,0,0,0,0,0,0,0,0,0,0,0,0,0,0
-0.0571,0.0022,0.0022,0.0,0.0,0.0,0.0,0.0,0.0,0.0,/Users/dzf/Desktop/research/Embedded-c/Super-Simple-Tasker-main/3rd_party/nucleo-c031c6/stm32c031xx.h,0.0,0.0,0.0,0.0,0,0,0,0,0,0,0,23,2,1,DMAMUX_Channel_TypeDef,0,0,0,0,0,0,0,0,0,0,0,0,0,0,0,0,0,0,0,0,0,0,0,0,0,0,0,0,0,0,0,0,0,0,0,0,0,0,0,0,0,0
-0.0571,0.0022,0.0022,0.0,0.0,0.0,0.0,0.0,0.0,0.0,/Users/dzf/Desktop/research/Embedded-c/Super-Simple-Tasker-main/3rd_party/nucleo-c031c6/stm32c031xx.h,0.0,0.0,0.0,0.0,0,0,0,0,0,0,0,23,2,1,DMAMUX_ChannelStatus_TypeDef,0,0,0,0,0,0,0,0,0,0,0,0,0,0,0,0,0,0,0,0,0,0,0,0,0,0,0,0,0,0,0,0,0,0,0,0,0,0,0,0,0,0
-0.0571,0.0022,0.0022,0.0,0.0,0.0,0.0,0.0,0.0,0.0,/Users/dzf/Desktop/research/Embedded-c/Super-Simple-Tasker-main/3rd_party/nucleo-c031c6/stm32c031xx.h,0.0,0.0,0.0,0.0,0,0,0,0,0,0,0,23,2,1,DMAMUX_RequestGen_TypeDef,0,0,0,0,0,0,0,0,0,0,0,0,0,0,0,0,0,0,0,0,0,0,0,0,0,0,0,0,0,0,0,0,0,0,0,0,0,0,0,0,0,0
-0.0571,0.0022,0.0022,0.0,0.0,0.0,0.0,0.0,0.0,0.0,/Users/dzf/Desktop/research/Embedded-c/Super-Simple-Tasker-main/3rd_party/nucleo-c031c6/stm32c031xx.h,0.0,0.0,0.0,0.0,0,0,0,0,0,0,0,23,2,1,DMAMUX_RequestGenStatus_TypeDef,0,0,0,0,0,0,0,0,0,0,0,0,0,0,0,0,0,0,0,0,0,0,0,0,0,0,0,0,0,0,0,0,0,0,0,0,0,0,0,0,0,0
-0.0571,0.0022,0.0022,0.0,0.0,0.0,0.0,0.0,0.0,0.0,/Users/dzf/Desktop/research/Embedded-c/Super-Simple-Tasker-main/3rd_party/nucleo-c031c6/stm32c031xx.h,0.0,0.0,0.0,0.0,0,0,0,0,0,0,0,23,2,1,EXTI_TypeDef,0,0,0,0,0,0,0,0,0,0,0,0,0,0,0,0,0,0,0,0,0,0,0,0,0,0,0,0,0,0,0,0,0,0,0,0,0,0,0,0,0,0
-0.0571,0.0022,0.0022,0.0,0.0,0.0,0.0,0.0,0.0,0.0,/Users/dzf/Desktop/research/Embedded-c/Super-Simple-Tasker-main/3rd_party/nucleo-c031c6/stm32c031xx.h,0.0,0.0,0.0,0.0,0,0,0,0,0,0,0,23,2,1,FLASH_TypeDef,0,0,0,0,0,0,0,0,0,0,0,0,0,0,0,0,0,0,0,0,0,0,0,0,0,0,0,0,0,0,0,0,0,0,0,0,0,0,0,0,0,0
-0.0571,0.0022,0.0022,0.0,0.0,0.0,0.0,0.0,0.0,0.0,/Users/dzf/Desktop/research/Embedded-c/Super-Simple-Tasker-main/3rd_party/nucleo-c031c6/stm32c031xx.h,0.0,0.0,0.0,0.0,0,0,0,0,0,0,0,23,2,1,GPIO_TypeDef,0,0,0,0,0,0,0,0,0,0,0,0,0,0,0,0,0,0,0,0,0,0,0,0,0,0,0,0,0,0,0,0,0,0,0,0,0,0,0,0,0,0
-0.0571,0.0022,0.0022,0.0,0.0,0.0,0.0,0.0,0.0,0.0,/Users/dzf/Desktop/research/Embedded-c/Super-Simple-Tasker-main/3rd_party/nucleo-c031c6/stm32c031xx.h,0.0,0.0,0.0,0.0,0,0,0,0,0,0,0,23,2,1,I2C_TypeDef,0,0,0,0,0,0,0,0,0,0,0,0,0,0,0,0,0,0,0,0,0,0,0,0,0,0,0,0,0,0,0,0,0,0,0,0,0,0,0,0,0,0
-0.0571,0.0022,0.0022,0.0,0.0,0.0,0.0,0.0,0.0,0.0,/Users/dzf/Desktop/research/Embedded-c/Super-Simple-Tasker-main/3rd_party/nucleo-c031c6/stm32c031xx.h,0.0,0.0,0.0,0.0,0,0,0,0,0,0,0,23,2,1,IWDG_TypeDef,0,0,0,0,0,0,0,0,0,0,0,0,0,0,0,0,0,0,0,0,0,0,0,0,0,0,0,0,0,0,0,0,0,0,0,0,0,0,0,0,0,0
-0.0571,0.0022,0.0022,0.0,0.0,0.0,0.0,0.0,0.0,0.0,/Users/dzf/Desktop/research/Embedded-c/Super-Simple-Tasker-main/3rd_party/nucleo-c031c6/stm32c031xx.h,0.0,0.0,0.0,0.0,0,0,0,0,0,0,0,23,2,1,PWR_TypeDef,0,0,0,0,0,0,0,0,0,0,0,0,0,0,0,0,0,0,0,0,0,0,0,0,0,0,0,0,0,0,0,0,0,0,0,0,0,0,0,0,0,0
-0.0571,0.0022,0.0022,0.0,0.0,0.0,0.0,0.0,0.0,0.0,/Users/dzf/Desktop/research/Embedded-c/Super-Simple-Tasker-main/3rd_party/nucleo-c031c6/stm32c031xx.h,0.0,0.0,0.0,0.0,0,0,0,0,0,0,0,23,2,1,RCC_TypeDef,0,0,0,0,0,0,0,0,0,0,0,0,0,0,0,0,0,0,0,0,0,0,0,0,0,0,0,0,0,0,0,0,0,0,0,0,0,0,0,0,0,0
-0.0571,0.0022,0.0022,0.0,0.0,0.0,0.0,0.0,0.0,0.0,/Users/dzf/Desktop/research/Embedded-c/Super-Simple-Tasker-main/3rd_party/nucleo-c031c6/stm32c031xx.h,0.0,0.0,0.0,0.0,0,0,0,0,0,0,0,23,2,1,RTC_TypeDef,0,0,0,0,0,0,0,0,0,0,0,0,0,0,0,0,0,0,0,0,0,0,0,0,0,0,0,0,0,0,0,0,0,0,0,0,0,0,0,0,0,0
-0.0571,0.0022,0.0022,0.0,0.0,0.0,0.0,0.0,0.0,0.0,/Users/dzf/Desktop/research/Embedded-c/Super-Simple-Tasker-main/3rd_party/nucleo-c031c6/stm32c031xx.h,0.0,0.0,0.0,0.0,0,0,0,0,0,0,0,23,2,1,SPI_TypeDef,0,0,0,0,0,0,0,0,0,0,0,0,0,0,0,0,0,0,0,0,0,0,0,0,0,0,0,0,0,0,0,0,0,0,0,0,0,0,0,0,0,0
-0.0571,0.0022,0.0022,0.0,0.0,0.0,0.0,0.0,0.0,0.0,/Users/dzf/Desktop/research/Embedded-c/Super-Simple-Tasker-main/3rd_party/nucleo-c031c6/stm32c031xx.h,0.0,0.0,0.0,0.0,0,0,0,0,0,0,0,23,2,1,SYSCFG_TypeDef,0,0,0,0,0,0,0,0,0,0,0,0,0,0,0,0,0,0,0,0,0,0,0,0,0,0,0,0,0,0,0,0,0,0,0,0,0,0,0,0,0,0
-0.0571,0.0022,0.0022,0.0,0.0,0.0,0.0,0.0,0.0,0.0,/Users/dzf/Desktop/research/Embedded-c/Super-Simple-Tasker-main/3rd_party/nucleo-c031c6/stm32c031xx.h,0.0,0.0,0.0,0.0,0,0,0,0,0,0,0,23,2,1,TIM_TypeDef,0,0,0,0,0,0,0,0,0,0,0,0,0,0,0,0,0,0,0,0,0,0,0,0,0,0,0,0,0,0,0,0,0,0,0,0,0,0,0,0,0,0
-0.0571,0.0022,0.0022,0.0,0.0,0.0,0.0,0.0,0.0,0.0,/Users/dzf/Desktop/research/Embedded-c/Super-Simple-Tasker-main/3rd_party/nucleo-c031c6/stm32c031xx.h,0.0,0.0,0.0,0.0,0,0,0,0,0,0,0,23,2,1,USART_TypeDef,0,0,0,0,0,0,0,0,0,0,0,0,0,0,0,0,0,0,0,0,0,0,0,0,0,0,0,0,0,0,0,0,0,0,0,0,0,0,0,0,0,0
-0.0571,0.0022,0.0022,0.0,0.0,0.0,0.0,0.0,0.0,0.0,/Users/dzf/Desktop/research/Embedded-c/Super-Simple-Tasker-main/3rd_party/nucleo-c031c6/stm32c031xx.h,0.0,0.0,0.0,0.0,0,0,0,0,0,0,0,23,2,1,WWDG_TypeDef,0,0,0,0,0,0,0,0,0,0,0,0,0,0,0,0,0,0,0,0,0,0,0,0,0,0,0,0,0,0,0,0,0,0,0,0,0,0,0,0,0,0
-0.0571,0.0022,0.0022,0.0,0.0,0.0,0.0,0.0,0.0,0.0,/Users/dzf/Desktop/research/Embedded-c/Super-Simple-Tasker-main/sst_c/examples/blinky_button/button2a.c,0.0,0.25,0.018867924528301886,0.0,0,0,0,0,0,0,0,1,3,0,Button2a,0,0,1,0,1,0,0,0,1,0,1,0,0,0,0,0,0,0,0,0,0,0,0,0,0,0,0,0,0,0,0,0,0,0,0,0,0,0,0,0,0,0
-0.0571,0.0022,0.0022,0.0,0.0,0.0,0.0,0.0,0.0,0.0,/Users/dzf/Desktop/research/Embedded-c/Super-Simple-Tasker-main/sst_c/examples/blinky_button/blinky_button.h,0.0,0.0,0.0,0.0,0,0,0,0,0,0,0,2,1,9,BlinkyWorkEvt,0,0,0,0,0,0,0,0,0,0,0,0,0,0,0,0,0,0,0,0,0,0,0,0,0,0,0,0,0,0,0,0,0,0,0,0,0,0,0,0,0,0
-0.0571,0.0022,0.0022,0.0,0.0,0.0,0.0,0.0,0.0,0.0,/Users/dzf/Desktop/research/Embedded-c/Super-Simple-Tasker-main/sst_c/examples/blinky_button/blinky_button.h,0.0,0.0,0.0,0.0,0,0,0,0,0,0,0,2,1,9,ButtonWorkEvt,0,0,0,0,0,0,0,0,0,0,0,0,0,0,0,0,0,0,0,0,0,0,0,0,0,0,0,0,0,0,0,0,0,0,0,0,0,0,0,0,0,0
-0.0571,0.0022,0.0022,0.0,0.0,0.0,0.0,0.0,0.0,0.0,/Users/dzf/Desktop/research/Embedded-c/Super-Simple-Tasker-main/include/sst.h,0.0,2.0,0.0,0.1509433962264151,0,0,0,0,0,0,0,2,0,21,SST_Evt,0,0,0,0,0,0,0,0,0,0,0,0,0,0,0,0,0,0,0,0,0,0,0,0,0,0,0,0,0,0,0,0,0,0,0,0,0,0,0,0,0,0
-0.0571,0.0022,0.0022,0.0,0.0,0.0,0.0,0.0,0.0,0.0,/Users/dzf/Desktop/research/Embedded-c/Super-Simple-Tasker-main/include/sst.h,0.0,2.0,0.0,0.1509433962264151,0,0,0,0,0,0,0,2,0,21,SST_Task,0,0,8,8,0,0,0,0,8,0,0,8,0,0,0,0,0,0,0,0,0,0,0,0,0,0,0,0,0,0,0,0,0,0,0,0,0,0,0,0,0,0
-0.0571,0.0022,0.0022,0.0,0.0,0.0,0.0,0.0,0.0,0.0,/Users/dzf/Desktop/research/Embedded-c/Super-Simple-Tasker-main/sst_c/examples/blinky_button/bsp_ek-tm4c123gxl.c,0.0,0.0,0.0,0.0,0,0,0,0,0,0,0,1,3,0,SysTick_Handler::ButtonsDebouncing,0,0,0,0,0,0,0,0,0,0,0,0,0,0,0,0,0,0,0,0,0,0,0,0,0,0,0,0,0,0,0,0,0,0,0,0,0,0,0,0,0,0
-0.0571,0.0022,0.0022,0.0,0.0,0.0,0.0,0.0,0.0,0.0,/Users/dzf/Desktop/research/Embedded-c/Super-Simple-Tasker-main/sst_c/examples/blinky_button/button2b.c,0.0,0.25,0.018867924528301886,0.0,0,0,0,0,0,0,0,1,3,0,Button2b,0,0,1,0,1,0,0,0,1,0,1,0,0,0,0,0,0,0,0,0,0,0,0,0,0,0,0,0,0,0,0,0,0,0,0,0,0,0,0,0,0,0
-0.0571,0.0022,0.0022,0.0,0.0,0.0,0.0,0.0,0.0,0.0,/Users/dzf/Desktop/research/Embedded-c/Super-Simple-Tasker-main/sst_c/examples/blinky_button/blinky1.c,0.0,0.25,0.018867924528301886,0.0,0,0,0,0,0,0,0,1,3,0,Blinky1,0,0,1,0,1,0,0,0,1,0,1,0,0,0,0,0,0,0,0,0,0,0,0,0,0,0,0,0,0,0,0,0,0,0,0,0,0,0,0,0,0,0
-0.0571,0.0022,0.0022,0.0,0.0,0.0,0.0,0.0,0.0,0.0,/Users/dzf/Desktop/research/Embedded-c/Super-Simple-Tasker-main/sst_c/examples/blinky_button/bsp_nucleo-h743zi.c,0.0,0.0,0.0,0.0,0,0,0,0,0,0,0,1,3,0,SysTick_Handler::ButtonsDebouncing,0,0,0,0,0,0,0,0,0,0,0,0,0,0,0,0,0,0,0,0,0,0,0,0,0,0,0,0,0,0,0,0,0,0,0,0,0,0,0,0,0,0
-0.0571,0.0022,0.0022,0.0,0.0,0.0,0.0,0.0,0.0,0.0,/Users/dzf/Desktop/research/Embedded-c/Super-Simple-Tasker-main/sst_c/examples/blinky_button/bsp_nucleo-c031c6.c,0.0,0.0,0.0,0.0,0,0,0,0,0,0,0,1,3,0,SysTick_Handler::ButtonsDebouncing,0,0,0,0,0,0,0,0,0,0,0,0,0,0,0,0,0,0,0,0,0,0,0,0,0,0,0,0,0,0,0,0,0,0,0,0,0,0,0,0,0,0
-0.0571,0.0022,0.0022,0.0,0.0,0.0,0.0,0.0,0.0,0.0,/Users/dzf/Desktop/research/Embedded-c/Super-Simple-Tasker-main/sst_c/examples/blinky_button/blinky3.c,0.0,0.25,0.018867924528301886,0.0,0,0,0,0,0,0,0,1,3,0,Blinky3,0,0,1,0,1,0,0,0,1,0,1,0,0,0,0,0,0,0,0,0,0,0,0,0,0,0,0,0,0,0,0,0,0,0,0,0,0,0,0,0,0,0
-0.0571,0.0022,0.0022,0.0,0.0,0.0,0.0,0.0,0.0,0.0,/Users/dzf/Desktop/research/Embedded-c/Super-Simple-Tasker-main/sst_c/examples/blinky_button/bsp_nucleo-l053r8.c,0.0,0.0,0.0,0.0,0,0,0,0,0,0,0,1,3,0,SysTick_Handler::ButtonsDebouncing,0,0,0,0,0,0,0,0,0,0,0,0,0,0,0,0,0,0,0,0,0,0,0,0,0,0,0,0,0,0,0,0,0,0,0,0,0,0,0,0,0,0
-0.0571,0.0022,0.0022,0.0,0.0,0.0,0.0,0.0,0.0,0.0,/Users/dzf/Desktop/research/Embedded-c/Super-Simple-Tasker-main/include/sst.hpp,0.0,0.0,0.0,0.0,0,0,0,0,0,0,0,1,0,21,SST::Evt,0,0,0,0,0,0,0,0,0,0,0,0,0,0,0,0,0,0,0,0,0,0,0,0,0,0,0,0,0,0,0,0,0,0,0,0,0,0,0,0,0,0
-0.0571,0.0022,0.0022,0.0,0.0,0.0,0.0,0.0,0.0,0.0,/Users/dzf/Desktop/research/Embedded-c/Super-Simple-Tasker-main/sst_cpp/examples/blinky_button/blinky_button.hpp,0.0,0.0,0.0,0.0,0,0,0,0,0,0,0,2,1,9,App::BlinkyWorkEvt,0,0,0,0,0,0,0,0,0,0,0,0,0,0,0,0,0,0,0,0,0,0,0,0,0,0,0,0,0,0,0,0,0,0,0,0,0,0,0,0,0,0
-0.0571,0.0022,0.0022,0.0,0.0,0.0,0.0,0.0,0.0,0.0,/Users/dzf/Desktop/research/Embedded-c/Super-Simple-Tasker-main/sst_cpp/examples/blinky_button/blinky_button.hpp,0.0,0.0,0.0,0.0,0,0,0,0,0,0,0,2,1,9,App::ButtonWorkEvt,0,0,0,0,0,0,0,0,0,0,0,0,0,0,0,0,0,0,0,0,0,0,0,0,0,0,0,0,0,0,0,0,0,0,0,0,0,0,0,0,0,0
-0.0571,0.0022,0.0022,0.0,0.0,0.0,0.0,0.0,0.0,0.0,/Users/dzf/Desktop/research/Embedded-c/Super-Simple-Tasker-main/sst_cpp/examples/blinky_button/bsp_ek-tm4c123gxl.cpp,0.0,0.0,0.0,0.0,0,0,0,0,0,0,0,1,3,0,SysTick_Handler::ButtonsDebouncing,0,0,0,0,0,0,0,0,0,0,0,0,0,0,0,0,0,0,0,0,0,0,0,0,0,0,0,0,0,0,0,0,0,0,0,0,0,0,0,0,0,0
-0.0571,0.0022,0.0022,0.0,0.0,0.0,0.0,0.0,0.0,0.0,/Users/dzf/Desktop/research/Embedded-c/Super-Simple-Tasker-main/sst_cpp/examples/blinky_button/bsp_nucleo-c031c6.cpp,0.0,0.0,0.0,0.0,0,0,0,0,0,0,0,1,3,0,SysTick_Handler::ButtonsDebouncing,0,0,0,0,0,0,0,0,0,0,0,0,0,0,0,0,0,0,0,0,0,0,0,0,0,0,0,0,0,0,0,0,0,0,0,0,0,0,0,0,0,0
-0.0571,0.0022,0.0022,0.0,0.0,0.0,0.0,0.0,0.0,0.0,/Users/dzf/Desktop/research/Embedded-c/Super-Simple-Tasker-main/sst_cpp/examples/blinky_button/bsp_nucleo-l053r8.cpp,0.0,0.0,0.0,0.0,0,0,0,0,0,0,0,1,3,0,SysTick_Handler::ButtonsDebouncing,0,0,0,0,0,0,0,0,0,0,0,0,0,0,0,0,0,0,0,0,0,0,0,0,0,0,0,0,0,0,0,0,0,0,0,0,0,0,0,0,0,0
-0.0571,0.0022,0.0022,0.0,0.0,0.0,0.0,0.0,0.0,0.0,/Users/dzf/Desktop/research/Embedded-c/Super-Simple-Tasker-main/sst_cpp/examples/blinky_button/bsp_nucleo-h743zi.cpp,0.0,0.0,0.0,0.0,0,0,0,0,0,0,0,1,3,0,SysTick_Handler::ButtonsDebouncing,0,0,0,0,0,0,0,0,0,0,0,0,0,0,0,0,0,0,0,0,0,0,0,0,0,0,0,0,0,0,0,0,0,0,0,0,0,0,0,0,0,0
-0.0571,0.0022,0.0022,0.0,0.0,0.0,0.0,0.0,0.0,0.0,/Users/dzf/Desktop/research/Embedded-c/Super-Simple-Tasker-main/sst0_cpp/examples/blinky_button/blinky_button.hpp,0.0,0.0,0.0,0.0,0,0,0,0,0,0,0,2,1,9,App::BlinkyWorkEvt,0,0,0,0,0,0,0,0,0,0,0,0,0,0,0,0,0,0,0,0,0,0,0,0,0,0,0,0,0,0,0,0,0,0,0,0,0,0,0,0,0,0
-0.0571,0.0022,0.0022,0.0,0.0,0.0,0.0,0.0,0.0,0.0,/Users/dzf/Desktop/research/Embedded-c/Super-Simple-Tasker-main/sst0_cpp/examples/blinky_button/blinky_button.hpp,0.0,0.0,0.0,0.0,0,0,0,0,0,0,0,2,1,9,App::ButtonWorkEvt,0,0,0,0,0,0,0,0,0,0,0,0,0,0,0,0,0,0,0,0,0,0,0,0,0,0,0,0,0,0,0,0,0,0,0,0,0,0,0,0,0,0
-0.0571,0.0022,0.0022,0.0,0.0,0.0,0.0,0.0,0.0,0.0,/Users/dzf/Desktop/research/Embedded-c/Super-Simple-Tasker-main/sst0_cpp/examples/blinky_button/bsp_ek-tm4c123gxl.cpp,0.0,0.0,0.0,0.0,0,0,0,0,0,0,0,1,3,0,SysTick_Handler::ButtonsDebouncing,0,0,0,0,0,0,0,0,0,0,0,0,0,0,0,0,0,0,0,0,0,0,0,0,0,0,0,0,0,0,0,0,0,0,0,0,0,0,0,0,0,0
-0.0571,0.0022,0.0022,0.0,0.0,0.0,0.0,0.0,0.0,0.0,/Users/dzf/Desktop/research/Embedded-c/Super-Simple-Tasker-main/sst0_cpp/examples/blinky_button/bsp_nucleo-c031c6.cpp,0.0,0.0,0.0,0.0,0,0,0,0,0,0,0,1,3,0,SysTick_Handler::ButtonsDebouncing,0,0,0,0,0,0,0,0,0,0,0,0,0,0,0,0,0,0,0,0,0,0,0,0,0,0,0,0,0,0,0,0,0,0,0,0,0,0,0,0,0,0
-0.0571,0.0022,0.0022,0.0,0.0,0.0,0.0,0.0,0.0,0.0,/Users/dzf/Desktop/research/Embedded-c/Super-Simple-Tasker-main/sst0_cpp/examples/blinky_button/bsp_nucleo-l053r8.cpp,0.0,0.0,0.0,0.0,0,0,0,0,0,0,0,1,3,0,SysTick_Handler::ButtonsDebouncing,0,0,0,0,0,0,0,0,0,0,0,0,0,0,0,0,0,0,0,0,0,0,0,0,0,0,0,0,0,0,0,0,0,0,0,0,0,0,0,0,0,0
-0.0571,0.0022,0.0022,0.0,0.0,0.0,0.0,0.0,0.0,0.0,/Users/dzf/Desktop/research/Embedded-c/Super-Simple-Tasker-main/sst0_cpp/examples/blinky_button/bsp_nucleo-h743zi.cpp,0.0,0.0,0.0,0.0,0,0,0,0,0,0,0,1,3,0,SysTick_Handler::ButtonsDebouncing,0,0,0,0,0,0,0,0,0,0,0,0,0,0,0,0,0,0,0,0,0,0,0,0,0,0,0,0,0,0,0,0,0,0,0,0,0,0,0,0,0,0
-0.0571,0.0022,0.0022,0.0,0.0,0.0,0.0,0.0,0.0,0.0,/Users/dzf/Desktop/research/Embedded-c/Super-Simple-Tasker-main/sst0_c/examples/blinky_button/button2a.c,0.0,0.25,0.018867924528301886,0.0,0,0,0,0,0,0,0,1,3,0,Button2a,0,0,1,0,1,0,0,0,1,0,1,0,0,0,0,0,0,0,0,0,0,0,0,0,0,0,0,0,0,0,0,0,0,0,0,0,0,0,0,0,0,0
-0.0571,0.0022,0.0022,0.0,0.0,0.0,0.0,0.0,0.0,0.0,/Users/dzf/Desktop/research/Embedded-c/Super-Simple-Tasker-main/sst0_c/examples/blinky_button/blinky_button.h,0.0,0.0,0.0,0.0,0,0,0,0,0,0,0,2,1,9,BlinkyWorkEvt,0,0,0,0,0,0,0,0,0,0,0,0,0,0,0,0,0,0,0,0,0,0,0,0,0,0,0,0,0,0,0,0,0,0,0,0,0,0,0,0,0,0
-0.0571,0.0022,0.0022,0.0,0.0,0.0,0.0,0.0,0.0,0.0,/Users/dzf/Desktop/research/Embedded-c/Super-Simple-Tasker-main/sst0_c/examples/blinky_button/blinky_button.h,0.0,0.0,0.0,0.0,0,0,0,0,0,0,0,2,1,9,ButtonWorkEvt,0,0,0,0,0,0,0,0,0,0,0,0,0,0,0,0,0,0,0,0,0,0,0,0,0,0,0,0,0,0,0,0,0,0,0,0,0,0,0,0,0,0
-0.0571,0.0022,0.0022,0.0,0.0,0.0,0.0,0.0,0.0,0.0,/Users/dzf/Desktop/research/Embedded-c/Super-Simple-Tasker-main/sst0_c/examples/blinky_button/bsp_ek-tm4c123gxl.c,0.0,0.0,0.0,0.0,0,0,0,0,0,0,0,1,3,0,SysTick_Handler::ButtonsDebouncing,0,0,0,0,0,0,0,0,0,0,0,0,0,0,0,0,0,0,0,0,0,0,0,0,0,0,0,0,0,0,0,0,0,0,0,0,0,0,0,0,0,0
-0.0571,0.0022,0.0022,0.0,0.0,0.0,0.0,0.0,0.0,0.0,/Users/dzf/Desktop/research/Embedded-c/Super-Simple-Tasker-main/sst0_c/examples/blinky_button/button2b.c,0.0,0.25,0.018867924528301886,0.0,0,0,0,0,0,0,0,1,3,0,Button2b,0,0,1,0,1,0,0,0,1,0,1,0,0,0,0,0,0,0,0,0,0,0,0,0,0,0,0,0,0,0,0,0,0,0,0,0,0,0,0,0,0,0
-0.0571,0.0022,0.0022,0.0,0.0,0.0,0.0,0.0,0.0,0.0,/Users/dzf/Desktop/research/Embedded-c/Super-Simple-Tasker-main/sst0_c/examples/blinky_button/blinky1.c,0.0,0.25,0.018867924528301886,0.0,0,0,0,0,0,0,0,1,3,0,Blinky1,0,0,1,0,1,0,0,0,1,0,1,0,0,0,0,0,0,0,0,0,0,0,0,0,0,0,0,0,0,0,0,0,0,0,0,0,0,0,0,0,0,0
-0.0571,0.0022,0.0022,0.0,0.0,0.0,0.0,0.0,0.0,0.0,/Users/dzf/Desktop/research/Embedded-c/Super-Simple-Tasker-main/sst0_c/examples/blinky_button/bsp_nucleo-h743zi.c,0.0,0.0,0.0,0.0,0,0,0,0,0,0,0,1,3,0,SysTick_Handler::ButtonsDebouncing,0,0,0,0,0,0,0,0,0,0,0,0,0,0,0,0,0,0,0,0,0,0,0,0,0,0,0,0,0,0,0,0,0,0,0,0,0,0,0,0,0,0
-0.0571,0.0022,0.0022,0.0,0.0,0.0,0.0,0.0,0.0,0.0,/Users/dzf/Desktop/research/Embedded-c/Super-Simple-Tasker-main/sst0_c/examples/blinky_button/bsp_nucleo-c031c6.c,0.0,0.0,0.0,0.0,0,0,0,0,0,0,0,1,3,0,SysTick_Handler::ButtonsDebouncing,0,0,0,0,0,0,0,0,0,0,0,0,0,0,0,0,0,0,0,0,0,0,0,0,0,0,0,0,0,0,0,0,0,0,0,0,0,0,0,0,0,0
-0.0571,0.0022,0.0022,0.0,0.0,0.0,0.0,0.0,0.0,0.0,/Users/dzf/Desktop/research/Embedded-c/Super-Simple-Tasker-main/sst0_c/examples/blinky_button/blinky3.c,0.0,0.25,0.018867924528301886,0.0,0,0,0,0,0,0,0,1,3,0,Blinky3,0,0,1,0,1,0,0,0,1,0,1,0,0,0,0,0,0,0,0,0,0,0,0,0,0,0,0,0,0,0,0,0,0,0,0,0,0,0,0,0,0,0
-0.0571,0.0022,0.0022,0.0,0.0,0.0,0.0,0.0,0.0,0.0,/Users/dzf/Desktop/research/Embedded-c/Super-Simple-Tasker-main/sst0_c/examples/blinky_button/bsp_nucleo-l053r8.c,0.0,0.0,0.0,0.0,0,0,0,0,0,0,0,1,3,0,SysTick_Handler::ButtonsDebouncing,0,0,0,0,0,0,0,0,0,0,0,0,0,0,0,0,0,0,0,0,0,0,0,0,0,0,0,0,0,0,0,0,0,0,0,0,0,0,0,0,0,0
