module_name,class_name,method_name,startLine,CBM,IDMC,EDMC,m_FAN_IN,m_FAN_OUT,IsOverride,OverridedQty,methodsInvokedQty,methodsInvokedLocalQty,methodsInvokedIndirectLocalQty,m_variablesQty,parametersQty,m_modifiers
com.ctrip.framework.apollo.adminservice,com.ctrip.framework.apollo.adminservice.AdminServiceApplication,com.ctrip.framework.apollo.adminservice.AdminServiceApplication,27,0,0,0,0,0,False,0,0,0,0,0,0,0
com.ctrip.framework.apollo.adminservice,com.ctrip.framework.apollo.adminservice.AdminServiceHealthIndicator,com.ctrip.framework.apollo.adminservice.AdminServiceHealthIndicator,26,1,0,1,0,1,False,0,1,0,0,0,0,2
com.ctrip.framework.apollo,com.ctrip.framework.apollo.ConfigServiceTest,com.ctrip.framework.apollo.ConfigServiceTest,68,1,1,0,0,1,False,0,3,0,0,0,0,1
com.ctrip.framework.apollo,com.ctrip.framework.apollo.LocalConfigServiceApplication,com.ctrip.framework.apollo.LocalConfigServiceApplication,10,0,0,0,0,0,False,0,0,0,0,0,0,0
com.ctrip.framework.apollo,com.ctrip.framework.apollo.LocalAdminServiceApplication,com.ctrip.framework.apollo.LocalAdminServiceApplication,10,0,0,0,0,0,False,0,0,0,0,0,0,0
com.ctrip.framework.apollo,com.ctrip.framework.apollo.BaseIntegrationTest,com.ctrip.framework.apollo.BaseIntegrationTest,135,1,0,1,1,0,False,0,0,0,0,0,0,4
com.ctrip.framework.apollo,com.ctrip.framework.apollo.LocalPortalApplication,com.ctrip.framework.apollo.LocalPortalApplication,8,0,0,0,0,0,False,0,0,0,0,0,0,0
com.ctrip.framework.apollo,com.ctrip.framework.apollo.ConfigService,com.ctrip.framework.apollo.ConfigService,73,0,0,0,0,0,False,0,2,1,0,0,1,8
com.ctrip.framework.apollo.adminservice.aop,com.ctrip.framework.apollo.adminservice.aop.NamespaceLockAspect,com.ctrip.framework.apollo.adminservice.aop.NamespaceLockAspect,46,1,0,1,0,1,False,0,2,1,0,0,0,1
com.ctrip.framework.apollo.adminservice.aop,com.ctrip.framework.apollo.adminservice.aop.NamespaceLockTest,com.ctrip.framework.apollo.adminservice.aop.NamespaceLockTest,142,2,0,2,0,2,False,0,2,0,0,0,0,2
com.ctrip.framework.apollo.adminservice.controller,com.ctrip.framework.apollo.adminservice.controller.ReleaseController,com.ctrip.framework.apollo.adminservice.controller.ReleaseController,96,6,1,5,1,5,False,0,7,0,0,0,0,1
com.ctrip.framework.apollo.adminservice.controller,com.ctrip.framework.apollo.adminservice.controller.ItemSetControllerTest,com.ctrip.framework.apollo.adminservice.controller.ItemSetControllerTest,28,8,0,8,0,8,False,0,14,0,0,0,0,1
com.ctrip.framework.apollo.adminservice.controller,com.ctrip.framework.apollo.adminservice.controller.ItemController,com.ctrip.framework.apollo.adminservice.controller.ItemController,105,8,0,8,0,8,False,0,17,0,0,0,0,1
com.ctrip.framework.apollo.adminservice.controller,com.ctrip.framework.apollo.adminservice.controller.ControllerExceptionTest,com.ctrip.framework.apollo.adminservice.controller.ControllerExceptionTest,88,2,0,2,0,2,False,0,6,0,0,0,0,2
com.ctrip.framework.apollo.adminservice.controller,com.ctrip.framework.apollo.adminservice.controller.ClusterController,com.ctrip.framework.apollo.adminservice.controller.ClusterController,77,1,0,1,0,1,False,0,1,0,0,0,0,1
com.ctrip.framework.apollo.adminservice.controller,com.ctrip.framework.apollo.adminservice.controller.InstanceConfigControllerTest,com.ctrip.framework.apollo.adminservice.controller.InstanceConfigControllerTest,264,3,1,2,0,3,False,0,5,2,0,0,0,1
com.ctrip.framework.apollo.adminservice.controller,com.ctrip.framework.apollo.adminservice.controller.IndexController,com.ctrip.framework.apollo.adminservice.controller.IndexController,10,0,0,0,0,0,False,0,0,0,0,0,0,1
com.ctrip.framework.apollo.adminservice.controller,com.ctrip.framework.apollo.adminservice.controller.AppController,com.ctrip.framework.apollo.adminservice.controller.AppController,80,1,0,1,0,1,False,0,1,0,0,0,0,1
com.ctrip.framework.apollo.adminservice.controller,com.ctrip.framework.apollo.adminservice.controller.InstanceConfigController,com.ctrip.framework.apollo.adminservice.controller.InstanceConfigController,99,8,1,7,1,7,False,0,17,0,0,0,0,1
com.ctrip.framework.apollo.adminservice.controller,com.ctrip.framework.apollo.adminservice.controller.ItemSetController,com.ctrip.framework.apollo.adminservice.controller.ItemSetController,22,1,0,1,0,1,False,0,1,0,0,0,0,1
com.ctrip.framework.apollo.adminservice.controller,com.ctrip.framework.apollo.adminservice.controller.TestWebSecurityConfig,com.ctrip.framework.apollo.adminservice.controller.TestWebSecurityConfig,24,0,0,0,0,0,False,0,0,0,0,0,0,1
com.ctrip.framework.apollo.adminservice.controller,com.ctrip.framework.apollo.adminservice.controller.NamespaceLockController,com.ctrip.framework.apollo.adminservice.controller.NamespaceLockController,28,5,0,5,0,5,False,0,5,0,0,0,0,1
com.ctrip.framework.apollo.adminservice.controller,com.ctrip.framework.apollo.adminservice.controller.ReleaseControllerTest,com.ctrip.framework.apollo.adminservice.controller.ReleaseControllerTest,46,4,0,4,0,4,False,0,9,0,0,0,0,1
com.ctrip.framework.apollo.adminservice.controller,com.ctrip.framework.apollo.adminservice.controller.NamespaceBranchController,com.ctrip.framework.apollo.adminservice.controller.NamespaceBranchController,41,4,0,4,0,4,False,0,10,0,0,0,0,1
com.ctrip.framework.apollo.adminservice.controller,com.ctrip.framework.apollo.adminservice.controller.AbstractControllerTest,com.ctrip.framework.apollo.adminservice.controller.AbstractControllerTest,28,0,0,0,0,0,False,0,0,0,0,0,0,2
com.ctrip.framework.apollo.adminservice.controller,com.ctrip.framework.apollo.adminservice.controller.ControllerIntegrationExceptionTest,com.ctrip.framework.apollo.adminservice.controller.ControllerIntegrationExceptionTest,49,3,0,3,0,3,False,0,5,2,0,0,0,1
com.ctrip.framework.apollo.adminservice.controller,com.ctrip.framework.apollo.adminservice.controller.NamespaceController,com.ctrip.framework.apollo.adminservice.controller.NamespaceController,27,5,0,5,0,5,False,0,6,0,0,0,0,1
com.ctrip.framework.apollo.adminservice.controller,com.ctrip.framework.apollo.adminservice.controller.AppControllerTest,com.ctrip.framework.apollo.adminservice.controller.AppControllerTest,26,1,0,1,0,1,False,0,4,2,0,0,0,1
com.ctrip.framework.apollo.adminservice.controller,com.ctrip.framework.apollo.adminservice.controller.AppNamespaceControllerTest,com.ctrip.framework.apollo.adminservice.controller.AppNamespaceControllerTest,17,3,0,3,0,3,False,0,11,0,0,0,0,1
com.ctrip.framework.apollo.adminservice.controller,com.ctrip.framework.apollo.adminservice.controller.ReleaseHistoryController,com.ctrip.framework.apollo.adminservice.controller.ReleaseHistoryController,89,3,0,3,0,3,False,0,3,0,0,0,0,2
com.ctrip.framework.apollo.adminservice.controller,com.ctrip.framework.apollo.adminservice.controller.CommitController,com.ctrip.framework.apollo.adminservice.controller.CommitController,23,2,0,2,0,2,False,0,2,0,0,0,0,1
com.ctrip.framework.apollo.adminservice.controller,com.ctrip.framework.apollo.adminservice.controller.AppNamespaceController,com.ctrip.framework.apollo.adminservice.controller.AppNamespaceController,23,4,0,4,0,4,False,0,8,0,0,0,0,1
com.ctrip.framework.apollo.portal.components.txtresolver,com.ctrip.framework.apollo.portal.components.txtresolver.FileTextResolver,com.ctrip.framework.apollo.portal.components.txtresolver.FileTextResolver,17,4,1,3,1,3,False,0,6,1,0,0,0,1
com.ctrip.framework.apollo.portal.components.txtresolver,com.ctrip.framework.apollo.portal.components.txtresolver.PropertyResolverTest,com.ctrip.framework.apollo.portal.components.txtresolver.PropertyResolverTest,37,3,1,2,0,3,False,0,5,1,0,0,0,1
com.ctrip.framework.apollo.portal.components.txtresolver,com.ctrip.framework.apollo.portal.components.txtresolver.FileTextResolverTest,com.ctrip.framework.apollo.portal.components.txtresolver.FileTextResolverTest,36,3,1,2,0,3,False,0,8,0,0,0,0,1
com.ctrip.framework.apollo.portal.components.txtresolver,com.ctrip.framework.apollo.portal.components.txtresolver.PropertyResolver,com.ctrip.framework.apollo.portal.components.txtresolver.PropertyResolver,168,2,0,2,0,2,False,0,4,2,0,0,0,2
com.ctrip.framework.apollo.portal.constant,com.ctrip.framework.apollo.portal.constant.RoleType,com.ctrip.framework.apollo.portal.constant.RoleType,11,1,0,1,1,0,False,0,0,0,0,0,0,0
com.ctrip.framework.apollo.portal.controller,com.ctrip.framework.apollo.portal.controller.CommitController,com.ctrip.framework.apollo.portal.controller.CommitController,23,2,0,2,0,2,False,0,3,0,0,0,0,1
com.ctrip.framework.apollo.portal.controller,com.ctrip.framework.apollo.portal.controller.PermissionController,com.ctrip.framework.apollo.portal.controller.PermissionController,110,5,0,5,0,5,False,0,6,0,0,0,0,1
com.ctrip.framework.apollo.portal.controller,com.ctrip.framework.apollo.portal.controller.ServerConfigController,com.ctrip.framework.apollo.portal.controller.ServerConfigController,30,5,0,5,0,5,False,0,10,0,0,0,0,1
com.ctrip.framework.apollo.portal.controller,com.ctrip.framework.apollo.portal.controller.ItemController,com.ctrip.framework.apollo.portal.controller.ItemController,73,4,0,4,0,4,False,0,6,1,0,0,0,1
com.ctrip.framework.apollo.portal.controller,com.ctrip.framework.apollo.portal.controller.NamespaceController,com.ctrip.framework.apollo.portal.controller.NamespaceController,83,9,0,9,0,9,False,0,14,0,0,0,0,1
com.ctrip.framework.apollo.portal.controller,com.ctrip.framework.apollo.portal.controller.ConsumerController,com.ctrip.framework.apollo.portal.controller.ConsumerController,49,4,0,4,0,4,False,0,9,0,0,0,0,2
com.ctrip.framework.apollo.portal.controller,com.ctrip.framework.apollo.portal.controller.InstanceController,com.ctrip.framework.apollo.portal.controller.InstanceController,51,1,0,1,0,1,False,0,1,0,0,0,0,1
com.ctrip.framework.apollo.portal.controller,com.ctrip.framework.apollo.portal.controller.SsoHeartbeatController,com.ctrip.framework.apollo.portal.controller.SsoHeartbeatController,25,0,0,0,0,0,False,0,1,0,0,0,0,1
com.ctrip.framework.apollo.portal.controller,com.ctrip.framework.apollo.portal.controller.NamespaceLockController,com.ctrip.framework.apollo.portal.controller.NamespaceLockController,18,1,0,1,0,1,False,0,1,0,0,0,0,1
com.ctrip.framework.apollo.portal.controller,com.ctrip.framework.apollo.portal.controller.ReleaseController,com.ctrip.framework.apollo.portal.controller.ReleaseController,61,5,0,5,0,5,False,0,14,0,0,0,0,1
com.ctrip.framework.apollo.portal.controller,com.ctrip.framework.apollo.portal.controller.ClusterController,com.ctrip.framework.apollo.portal.controller.ClusterController,30,6,0,6,0,6,False,0,10,0,0,0,1,1
com.ctrip.framework.apollo.portal.controller,com.ctrip.framework.apollo.portal.controller.AppController,com.ctrip.framework.apollo.portal.controller.AppController,68,4,0,4,0,4,False,0,5,0,0,0,0,1
com.ctrip.framework.apollo.portal.controller,com.ctrip.framework.apollo.portal.controller.UserInfoController,com.ctrip.framework.apollo.portal.controller.UserInfoController,41,0,0,0,0,0,False,0,1,0,0,0,0,1
com.ctrip.framework.apollo.portal.controller,com.ctrip.framework.apollo.portal.controller.EnvController,com.ctrip.framework.apollo.portal.controller.EnvController,20,1,0,1,0,1,False,0,1,0,0,0,0,1
com.ctrip.framework.apollo.portal.controller,com.ctrip.framework.apollo.portal.controller.OrganizationController,com.ctrip.framework.apollo.portal.controller.OrganizationController,33,1,0,1,0,1,False,0,1,0,0,0,0,1
com.ctrip.framework.apollo.portal.controller,com.ctrip.framework.apollo.portal.controller.NamespaceBranchController,com.ctrip.framework.apollo.portal.controller.NamespaceBranchController,104,1,0,1,0,1,False,0,1,0,0,0,0,1
com.ctrip.framework.apollo.portal.controller,com.ctrip.framework.apollo.portal.controller.ConsumerControllerTest,com.ctrip.framework.apollo.portal.controller.ConsumerControllerTest,42,3,1,2,0,3,False,0,4,0,0,0,0,1
com.ctrip.framework.apollo.portal.controller,com.ctrip.framework.apollo.portal.controller.FavoriteController,com.ctrip.framework.apollo.portal.controller.FavoriteController,44,1,0,1,0,1,False,0,1,0,0,0,0,1
com.ctrip.framework.apollo.portal.controller,com.ctrip.framework.apollo.portal.controller.ReleaseHistoryController,com.ctrip.framework.apollo.portal.controller.ReleaseHistoryController,23,1,0,1,0,1,False,0,1,0,0,0,0,1
com.ctrip.framework.apollo.assembly,com.ctrip.framework.apollo.assembly.LocalApolloApplication,com.ctrip.framework.apollo.assembly.LocalApolloApplication,23,0,0,0,0,0,False,0,0,0,0,0,0,0
com.ctrip.framework.apollo.assembly,com.ctrip.framework.apollo.assembly.ApolloApplication,com.ctrip.framework.apollo.assembly.ApolloApplication,23,0,0,0,0,0,False,0,0,0,0,0,0,0
com.ctrip.framework.apollo.biz.customize,com.ctrip.framework.apollo.biz.customize.BizLoggingCustomizer,com.ctrip.framework.apollo.biz.customize.BizLoggingCustomizer,31,1,0,2,0,1,True,0,1,0,0,0,0,4
com.ctrip.framework.apollo.biz.entity,com.ctrip.framework.apollo.biz.entity.Item,com.ctrip.framework.apollo.biz.entity.Item,75,1,0,1,0,1,True,0,1,0,0,0,0,1
com.ctrip.framework.apollo.biz.entity,com.ctrip.framework.apollo.biz.entity.Release,com.ctrip.framework.apollo.biz.entity.Release,94,3,0,3,3,0,False,0,0,0,0,0,0,1
com.ctrip.framework.apollo.biz.entity,com.ctrip.framework.apollo.biz.entity.Commit,com.ctrip.framework.apollo.biz.entity.Commit,73,1,0,1,0,1,True,0,1,0,0,0,0,1
com.ctrip.framework.apollo.biz.entity,com.ctrip.framework.apollo.biz.entity.ReleaseHistory,com.ctrip.framework.apollo.biz.entity.ReleaseHistory,108,1,0,1,0,1,True,0,1,0,0,0,0,1
com.ctrip.framework.apollo.biz.entity,com.ctrip.framework.apollo.biz.entity.ReleaseMessage,com.ctrip.framework.apollo.biz.entity.ReleaseMessage,61,0,0,0,0,0,False,0,0,0,0,0,0,1
com.ctrip.framework.apollo.biz.entity,com.ctrip.framework.apollo.biz.entity.NamespaceLock,com.ctrip.framework.apollo.biz.entity.NamespaceLock,23,2,0,2,2,0,False,0,0,0,0,0,0,1
com.ctrip.framework.apollo.biz.entity,com.ctrip.framework.apollo.biz.entity.Cluster,com.ctrip.framework.apollo.biz.entity.Cluster,42,2,0,2,2,0,False,0,0,0,0,0,0,1
com.ctrip.framework.apollo.biz.entity,com.ctrip.framework.apollo.biz.entity.Privilege,com.ctrip.framework.apollo.biz.entity.Privilege,43,1,0,1,1,0,False,0,0,0,0,0,0,1
com.ctrip.framework.apollo.biz.entity,com.ctrip.framework.apollo.biz.entity.ServerConfig,com.ctrip.framework.apollo.biz.entity.ServerConfig,64,1,0,1,0,1,True,0,1,0,0,0,0,1
com.ctrip.framework.apollo.biz.entity,com.ctrip.framework.apollo.biz.entity.Instance,com.ctrip.framework.apollo.biz.entity.Instance,109,0,0,0,0,0,False,0,0,0,0,0,0,1
com.ctrip.framework.apollo.biz.entity,com.ctrip.framework.apollo.biz.entity.InstanceConfig,com.ctrip.framework.apollo.biz.entity.InstanceConfig,137,0,0,0,0,0,False,0,0,0,0,0,0,1
com.ctrip.framework.apollo.biz.entity,com.ctrip.framework.apollo.biz.entity.Namespace,com.ctrip.framework.apollo.biz.entity.Namespace,61,1,0,1,0,1,True,0,1,0,0,0,0,1
com.ctrip.framework.apollo.biz.entity,com.ctrip.framework.apollo.biz.entity.GrayReleaseRule,com.ctrip.framework.apollo.biz.entity.GrayReleaseRule,91,4,0,4,4,0,False,0,0,0,0,0,0,1
com.ctrip.framework.apollo.biz.entity,com.ctrip.framework.apollo.biz.entity.Audit,com.ctrip.framework.apollo.biz.entity.Audit,66,1,0,1,0,1,True,0,1,0,0,0,0,1
com.ctrip.framework.apollo.portal.entity.bo,com.ctrip.framework.apollo.portal.entity.bo.Email,com.ctrip.framework.apollo.portal.entity.bo.Email,40,1,0,1,1,0,False,0,0,0,0,0,0,1
com.ctrip.framework.apollo.portal.entity.bo,com.ctrip.framework.apollo.portal.entity.bo.UserInfo,com.ctrip.framework.apollo.portal.entity.bo.UserInfo,21,2,0,2,2,0,False,0,0,0,0,0,0,1
com.ctrip.framework.apollo.portal.entity.bo,com.ctrip.framework.apollo.portal.entity.bo.ReleaseHistoryBO,com.ctrip.framework.apollo.portal.entity.bo.ReleaseHistoryBO,158,1,0,1,1,0,False,0,0,0,0,0,0,1
com.ctrip.framework.apollo.portal.entity.model,com.ctrip.framework.apollo.portal.entity.model.NamespaceSyncModel,com.ctrip.framework.apollo.portal.entity.model.NamespaceSyncModel,40,0,0,0,0,0,False,0,0,0,0,0,0,1
com.ctrip.framework.apollo.portal.entity.model,com.ctrip.framework.apollo.portal.entity.model.NamespaceReleaseModel,com.ctrip.framework.apollo.portal.entity.model.NamespaceReleaseModel,30,1,0,1,1,0,False,0,0,0,0,0,0,1
com.ctrip.framework.apollo.portal.entity.model,com.ctrip.framework.apollo.portal.entity.model.NamespaceCreationModel,com.ctrip.framework.apollo.portal.entity.model.NamespaceCreationModel,24,0,0,0,0,0,False,0,0,0,0,0,0,1
com.ctrip.framework.apollo.portal.entity.model,com.ctrip.framework.apollo.portal.entity.model.NamespaceTextModel,com.ctrip.framework.apollo.portal.entity.model.NamespaceTextModel,76,1,0,1,1,0,False,0,0,0,0,0,0,1
com.ctrip.framework.apollo.portal.entity.po,com.ctrip.framework.apollo.portal.entity.po.Favorite,com.ctrip.framework.apollo.portal.entity.po.Favorite,47,1,0,1,1,0,False,0,0,0,0,0,0,1
com.ctrip.framework.apollo.portal.entity.po,com.ctrip.framework.apollo.portal.entity.po.UserRole,com.ctrip.framework.apollo.portal.entity.po.UserRole,38,0,0,0,0,0,False,0,0,0,0,0,0,1
com.ctrip.framework.apollo.portal.entity.po,com.ctrip.framework.apollo.portal.entity.po.Role,com.ctrip.framework.apollo.portal.entity.po.Role,27,3,0,3,3,0,False,0,0,0,0,0,0,1
com.ctrip.framework.apollo.portal.entity.po,com.ctrip.framework.apollo.portal.entity.po.ServerConfig,com.ctrip.framework.apollo.portal.entity.po.ServerConfig,53,1,0,1,0,1,True,0,1,0,0,0,0,1
com.ctrip.framework.apollo.portal.entity.po,com.ctrip.framework.apollo.portal.entity.po.Permission,com.ctrip.framework.apollo.portal.entity.po.Permission,38,3,0,3,3,0,False,0,0,0,0,0,0,1
com.ctrip.framework.apollo.portal.entity.po,com.ctrip.framework.apollo.portal.entity.po.RolePermission,com.ctrip.framework.apollo.portal.entity.po.RolePermission,38,0,0,0,0,0,False,0,0,0,0,0,0,1
com.ctrip.framework.apollo.portal.entity.vo,com.ctrip.framework.apollo.portal.entity.vo.AppRolesAssignedUsers,com.ctrip.framework.apollo.portal.entity.vo.AppRolesAssignedUsers,24,1,0,1,1,0,False,0,0,0,0,0,0,1
com.ctrip.framework.apollo.portal.entity.vo,com.ctrip.framework.apollo.portal.entity.vo.NamespaceIdentifier,com.ctrip.framework.apollo.portal.entity.vo.NamespaceIdentifier,51,0,0,0,0,0,False,0,0,0,0,0,0,1
com.ctrip.framework.apollo.portal.entity.vo,com.ctrip.framework.apollo.portal.entity.vo.Organization,com.ctrip.framework.apollo.portal.entity.vo.Organization,22,0,0,0,0,0,False,0,0,0,0,0,0,1
com.ctrip.framework.apollo.portal.entity.vo,com.ctrip.framework.apollo.portal.entity.vo.ItemDiffs,com.ctrip.framework.apollo.portal.entity.vo.ItemDiffs,34,1,0,1,1,0,False,0,0,0,0,0,0,1
com.ctrip.framework.apollo.portal.entity.vo,com.ctrip.framework.apollo.portal.entity.vo.NamespaceVO,com.ctrip.framework.apollo.portal.entity.vo.NamespaceVO,54,1,0,1,1,0,False,0,0,0,0,0,0,1
com.ctrip.framework.apollo.portal.entity.vo,com.ctrip.framework.apollo.portal.entity.vo.Change,com.ctrip.framework.apollo.portal.entity.vo.Change,28,0,0,0,0,0,False,0,0,0,0,0,0,1
com.ctrip.framework.apollo.portal.entity.vo,com.ctrip.framework.apollo.portal.entity.vo.PermissionCondition,com.ctrip.framework.apollo.portal.entity.vo.PermissionCondition,11,1,0,1,1,0,False,0,0,0,0,0,0,1
com.ctrip.framework.apollo.portal.entity.vo,com.ctrip.framework.apollo.portal.entity.vo.ReleaseCompareResult,com.ctrip.framework.apollo.portal.entity.vo.ReleaseCompareResult,25,0,0,0,0,0,False,0,0,0,0,0,0,1
com.ctrip.framework.apollo.portal.entity.vo,com.ctrip.framework.apollo.portal.entity.vo.KVEntity,com.ctrip.framework.apollo.portal.entity.vo.KVEntity,21,1,0,1,1,0,False,0,0,0,0,0,0,1
com.ctrip.framework.apollo.portal.entity.vo,com.ctrip.framework.apollo.portal.entity.vo.NamespaceRolesAssignedUsers,com.ctrip.framework.apollo.portal.entity.vo.NamespaceRolesAssignedUsers,23,0,0,0,0,0,False,0,0,0,0,0,0,1
com.ctrip.framework.apollo.portal.entity.vo,com.ctrip.framework.apollo.portal.entity.vo.EnvClusterInfo,com.ctrip.framework.apollo.portal.entity.vo.EnvClusterInfo,16,0,0,0,0,0,False,0,0,0,0,0,0,1
com.ctrip.framework.apollo.portal.entity.vo,com.ctrip.framework.apollo.portal.entity.vo.Number,com.ctrip.framework.apollo.portal.entity.vo.Number,6,0,0,0,0,0,False,0,0,0,0,0,0,1
com.ctrip.framework.apollo.portal.entity.vo,com.ctrip.framework.apollo.portal.entity.vo.ReleaseVO,com.ctrip.framework.apollo.portal.entity.vo.ReleaseVO,25,1,0,1,1,0,False,0,0,0,0,0,0,1
com.ctrip.framework.apollo.biz.eureka,com.ctrip.framework.apollo.biz.eureka.ApolloEurekaClientConfigTest,com.ctrip.framework.apollo.biz.eureka.ApolloEurekaClientConfigTest,52,2,1,1,0,2,False,0,2,0,0,0,0,1
com.ctrip.framework.apollo.biz.eureka,com.ctrip.framework.apollo.biz.eureka.ApolloEurekaClientConfig,com.ctrip.framework.apollo.biz.eureka.ApolloEurekaClientConfig,49,0,0,0,0,0,False,0,0,0,0,0,0,1
com.ctrip.framework.apollo.biz.grayReleaseRule,com.ctrip.framework.apollo.biz.grayReleaseRule.GrayReleaseRulesHolder,com.ctrip.framework.apollo.biz.grayReleaseRule.GrayReleaseRulesHolder,277,0,0,0,0,0,False,0,0,0,0,0,0,2
com.ctrip.framework.apollo.biz.grayReleaseRule,com.ctrip.framework.apollo.biz.grayReleaseRule.GrayReleaseRuleCache,com.ctrip.framework.apollo.biz.grayReleaseRule.GrayReleaseRuleCache,62,2,1,1,1,1,False,0,1,0,0,0,0,1
com.ctrip.framework.apollo.biz.grayReleaseRule,com.ctrip.framework.apollo.biz.grayReleaseRule.GrayReleaseRulesHolderTest,com.ctrip.framework.apollo.biz.grayReleaseRule.GrayReleaseRulesHolderTest,154,0,0,0,0,0,False,0,0,0,0,0,0,2
com.ctrip.framework.apollo.biz.message,com.ctrip.framework.apollo.biz.message.DatabaseMessageSenderTest,com.ctrip.framework.apollo.biz.message.DatabaseMessageSenderTest,44,1,1,0,0,1,False,0,1,0,0,0,0,1
com.ctrip.framework.apollo.biz.message,com.ctrip.framework.apollo.biz.message.DatabaseMessageSender,com.ctrip.framework.apollo.biz.message.DatabaseMessageSender,25,2,1,1,1,1,False,0,4,0,0,0,0,1
com.ctrip.framework.apollo.biz.message,com.ctrip.framework.apollo.biz.message.ReleaseMessageScanner,com.ctrip.framework.apollo.biz.message.ReleaseMessageScanner,141,0,0,0,0,0,False,0,0,0,0,0,0,2
com.ctrip.framework.apollo.biz.message,com.ctrip.framework.apollo.biz.message.ReleaseMessageScannerTest,com.ctrip.framework.apollo.biz.message.ReleaseMessageScannerTest,43,2,1,1,0,2,False,0,5,1,0,0,0,1
com.ctrip.framework.apollo.portal.listener,com.ctrip.framework.apollo.portal.listener.AppNamespaceCreationEvent,com.ctrip.framework.apollo.portal.listener.AppNamespaceCreationEvent,11,0,0,0,0,0,False,0,0,0,0,0,0,1
com.ctrip.framework.apollo.portal.listener,com.ctrip.framework.apollo.portal.listener.ConfigPublishEvent,com.ctrip.framework.apollo.portal.listener.ConfigPublishEvent,16,2,0,2,2,0,False,0,0,0,0,0,0,0
com.ctrip.framework.apollo.portal.listener,com.ctrip.framework.apollo.portal.listener.ConfigPublishListener,com.ctrip.framework.apollo.portal.listener.ConfigPublishListener,125,1,0,1,0,1,False,0,1,0,0,0,0,2
com.ctrip.framework.apollo.portal.listener,com.ctrip.framework.apollo.portal.listener.AppCreationEvent,com.ctrip.framework.apollo.portal.listener.AppCreationEvent,15,1,1,0,1,0,False,0,0,0,0,0,0,1
com.ctrip.framework.apollo.portal.listener,com.ctrip.framework.apollo.portal.listener.CreationListener,com.ctrip.framework.apollo.portal.listener.CreationListener,45,6,1,5,0,6,False,0,6,0,0,0,0,1
com.ctrip.framework.apollo.biz.repository,com.ctrip.framework.apollo.biz.repository.AppNamespaceRepositoryTest,com.ctrip.framework.apollo.biz.repository.AppNamespaceRepositoryTest,24,0,0,0,0,0,False,0,1,0,0,0,0,1
com.ctrip.framework.apollo.biz.repository,com.ctrip.framework.apollo.biz.repository.AppRepositoryTest,com.ctrip.framework.apollo.biz.repository.AppRepositoryTest,35,2,0,2,0,2,False,0,5,0,0,0,0,1
com.ctrip.framework.apollo.portal.service,com.ctrip.framework.apollo.portal.service.FavoriteServiceTest,com.ctrip.framework.apollo.portal.service.FavoriteServiceTest,124,2,0,2,0,2,False,0,4,0,0,0,0,2
com.ctrip.framework.apollo.portal.service,com.ctrip.framework.apollo.portal.service.AppNamespaceServiceTest,com.ctrip.framework.apollo.portal.service.AppNamespaceServiceTest,122,1,0,1,0,1,False,0,3,0,0,0,0,2
com.ctrip.framework.apollo.portal.service,com.ctrip.framework.apollo.portal.service.NamespaceServiceTest,com.ctrip.framework.apollo.portal.service.NamespaceServiceTest,49,11,4,7,0,11,False,0,20,0,0,0,0,1
com.ctrip.framework.apollo.portal.service,com.ctrip.framework.apollo.portal.service.CommitService,com.ctrip.framework.apollo.portal.service.CommitService,19,2,0,2,1,1,False,0,1,0,0,0,0,1
com.ctrip.framework.apollo.portal.service,com.ctrip.framework.apollo.portal.service.ItemService,com.ctrip.framework.apollo.portal.service.ItemService,86,7,0,7,2,5,False,0,5,0,0,0,0,1
com.ctrip.framework.apollo.portal.service,com.ctrip.framework.apollo.portal.service.ReleaseHistoryService,com.ctrip.framework.apollo.portal.service.ReleaseHistoryService,61,4,1,3,1,3,False,0,4,1,0,0,0,1
com.ctrip.framework.apollo.portal.service,com.ctrip.framework.apollo.portal.service.AppService,com.ctrip.framework.apollo.portal.service.AppService,75,1,0,1,0,1,False,0,1,0,0,0,0,1
com.ctrip.framework.apollo.portal.service,com.ctrip.framework.apollo.portal.service.InstanceService,com.ctrip.framework.apollo.portal.service.InstanceService,30,2,0,2,1,1,False,0,1,0,0,0,0,1
com.ctrip.framework.apollo.portal.service,com.ctrip.framework.apollo.portal.service.NamespaceBranchService,com.ctrip.framework.apollo.portal.service.NamespaceBranchService,55,2,0,2,1,1,False,0,1,0,0,0,0,1
com.ctrip.framework.apollo.portal.service,com.ctrip.framework.apollo.portal.service.RoleInitializationService,com.ctrip.framework.apollo.portal.service.RoleInitializationService,75,2,1,1,0,2,False,0,4,1,0,0,0,2
com.ctrip.framework.apollo.portal.service,com.ctrip.framework.apollo.portal.service.FavoriteService,com.ctrip.framework.apollo.portal.service.FavoriteService,58,2,1,1,2,0,False,0,3,0,0,0,0,1
com.ctrip.framework.apollo.portal.service,com.ctrip.framework.apollo.portal.service.NamespaceLockService,com.ctrip.framework.apollo.portal.service.NamespaceLockService,16,3,0,3,2,1,False,0,1,0,0,0,0,1
com.ctrip.framework.apollo.portal.service,com.ctrip.framework.apollo.portal.service.ClusterService,com.ctrip.framework.apollo.portal.service.ClusterService,39,3,0,3,1,2,False,0,3,0,0,0,0,1
com.ctrip.framework.apollo.portal.service,com.ctrip.framework.apollo.portal.service.RolePermissionService,com.ctrip.framework.apollo.portal.service.RolePermissionService,60,3,2,1,2,1,False,0,2,1,0,0,0,1
com.ctrip.framework.apollo.portal.service,com.ctrip.framework.apollo.portal.service.AppNamespaceService,com.ctrip.framework.apollo.portal.service.AppNamespaceService,39,4,3,1,4,0,False,0,1,0,0,0,0,1
com.ctrip.framework.apollo.portal.service,com.ctrip.framework.apollo.portal.service.ServerConfigService,com.ctrip.framework.apollo.portal.service.ServerConfigService,31,0,0,0,0,0,False,0,1,1,0,0,0,1
com.ctrip.framework.apollo.portal.service,com.ctrip.framework.apollo.portal.service.ConfigServiceTest,com.ctrip.framework.apollo.portal.service.ConfigServiceTest,49,0,0,0,0,0,False,0,0,0,0,0,0,1
com.ctrip.framework.apollo.portal.service,com.ctrip.framework.apollo.portal.service.NamespaceService,com.ctrip.framework.apollo.portal.service.NamespaceService,193,3,0,3,0,3,False,0,8,0,0,0,0,2
com.ctrip.framework.apollo.portal.service,com.ctrip.framework.apollo.portal.service.RolePermissionServiceTest,com.ctrip.framework.apollo.portal.service.RolePermissionServiceTest,311,2,0,2,0,2,False,0,3,0,0,0,0,2
com.ctrip.framework.apollo.portal.service,com.ctrip.framework.apollo.portal.service.RoleInitializationServiceTest,com.ctrip.framework.apollo.portal.service.RoleInitializationServiceTest,151,2,0,2,0,2,False,0,3,0,0,0,0,2
com.ctrip.framework.apollo.portal.service,com.ctrip.framework.apollo.portal.service.ReleaseService,com.ctrip.framework.apollo.portal.service.ReleaseService,125,3,0,3,2,1,False,0,2,1,0,0,0,1
com.ctrip.framework.apollo.biz.service,com.ctrip.framework.apollo.biz.service.ReleaseCreationTest,com.ctrip.framework.apollo.biz.service.ReleaseCreationTest,220,7,3,4,0,7,False,0,15,2,0,0,0,1
com.ctrip.framework.apollo.biz.service,com.ctrip.framework.apollo.biz.service.InstanceServiceTest,com.ctrip.framework.apollo.biz.service.InstanceServiceTest,173,2,1,1,0,2,False,0,5,2,0,0,0,1
com.ctrip.framework.apollo.biz.service,com.ctrip.framework.apollo.biz.service.NamespaceBranchService,com.ctrip.framework.apollo.biz.service.NamespaceBranchService,67,3,2,1,3,0,False,0,1,0,0,0,0,1
com.ctrip.framework.apollo.biz.service,com.ctrip.framework.apollo.biz.service.AppService,com.ctrip.framework.apollo.biz.service.AppService,73,4,1,3,0,4,False,0,6,0,0,0,0,1
com.ctrip.framework.apollo.biz.service,com.ctrip.framework.apollo.biz.service.ReleaseHistoryService,com.ctrip.framework.apollo.biz.service.ReleaseHistoryService,46,5,3,2,2,3,False,0,14,0,0,0,0,1
com.ctrip.framework.apollo.biz.service,com.ctrip.framework.apollo.biz.service.NamespaceLockService,com.ctrip.framework.apollo.biz.service.NamespaceLockService,26,2,2,0,2,0,False,0,1,0,0,0,0,1
com.ctrip.framework.apollo.biz.service,com.ctrip.framework.apollo.biz.service.CommitService,com.ctrip.framework.apollo.biz.service.CommitService,25,2,1,1,2,0,False,0,1,0,0,0,0,1
com.ctrip.framework.apollo.biz.service,com.ctrip.framework.apollo.biz.service.NamespaceServiceTest,com.ctrip.framework.apollo.biz.service.NamespaceServiceTest,56,9,7,2,0,9,False,0,11,0,0,0,0,1
com.ctrip.framework.apollo.biz.service,com.ctrip.framework.apollo.biz.service.AdminService,com.ctrip.framework.apollo.biz.service.AdminService,25,13,8,5,7,6,False,0,6,0,0,0,0,1
com.ctrip.framework.apollo.biz.service,com.ctrip.framework.apollo.biz.service.AdminServiceTest,com.ctrip.framework.apollo.biz.service.AdminServiceTest,64,3,1,2,0,3,False,0,8,0,0,0,0,1
com.ctrip.framework.apollo.biz.service,com.ctrip.framework.apollo.biz.service.NamespaceService,com.ctrip.framework.apollo.biz.service.NamespaceService,72,4,3,1,2,2,False,0,3,1,0,0,0,1
com.ctrip.framework.apollo.biz.service,com.ctrip.framework.apollo.biz.service.ItemService,com.ctrip.framework.apollo.biz.service.ItemService,228,0,0,0,0,0,False,0,0,0,0,0,0,2
com.ctrip.framework.apollo.biz.service,com.ctrip.framework.apollo.biz.service.AuditService,com.ctrip.framework.apollo.biz.service.AuditService,36,0,0,0,0,0,False,0,0,0,0,0,0,0
com.ctrip.framework.apollo.biz.service,com.ctrip.framework.apollo.biz.service.AppNamespaceService,com.ctrip.framework.apollo.biz.service.AppNamespaceService,92,4,1,3,1,3,False,0,11,2,0,0,0,1
com.ctrip.framework.apollo.biz.service,com.ctrip.framework.apollo.biz.service.InstanceService,com.ctrip.framework.apollo.biz.service.InstanceService,73,3,1,2,3,0,False,0,3,2,0,0,0,1
com.ctrip.framework.apollo.biz.service,com.ctrip.framework.apollo.biz.service.ItemSetService,com.ctrip.framework.apollo.biz.service.ItemSetService,36,9,2,7,0,9,False,0,27,1,0,0,0,1
com.ctrip.framework.apollo.biz.service,com.ctrip.framework.apollo.biz.service.ServerConfigService,com.ctrip.framework.apollo.biz.service.ServerConfigService,44,0,0,0,0,0,False,0,1,1,0,0,0,1
com.ctrip.framework.apollo.biz.service,com.ctrip.framework.apollo.biz.service.ServerConfigServiceTest,com.ctrip.framework.apollo.biz.service.ServerConfigServiceTest,88,1,1,0,0,1,False,0,1,0,0,0,0,1
com.ctrip.framework.apollo.biz.service,com.ctrip.framework.apollo.biz.service.ReleaseMessageService,com.ctrip.framework.apollo.biz.service.ReleaseMessageService,32,4,0,4,2,2,False,0,3,0,0,0,0,1
com.ctrip.framework.apollo.biz.service,com.ctrip.framework.apollo.biz.service.AdminServiceTransactionTest,com.ctrip.framework.apollo.biz.service.AdminServiceTransactionTest,81,0,0,0,0,0,False,0,0,0,0,0,0,1
com.ctrip.framework.apollo.biz.service,com.ctrip.framework.apollo.biz.service.NamespaceBranchServiceTest,com.ctrip.framework.apollo.biz.service.NamespaceBranchServiceTest,43,4,2,2,0,4,False,0,11,1,0,0,0,1
com.ctrip.framework.apollo.biz.service,com.ctrip.framework.apollo.biz.service.PrivilegeServiceTest,com.ctrip.framework.apollo.biz.service.PrivilegeServiceTest,61,7,4,3,0,7,False,0,16,0,0,0,0,1
com.ctrip.framework.apollo.biz.service,com.ctrip.framework.apollo.biz.service.ClusterService,com.ctrip.framework.apollo.biz.service.ClusterService,46,4,3,1,4,0,False,0,1,0,0,0,0,1
com.ctrip.framework.apollo.biz.service,com.ctrip.framework.apollo.biz.service.PrivilegeService,com.ctrip.framework.apollo.biz.service.PrivilegeService,26,4,2,2,1,3,False,0,6,0,0,0,0,1
com.ctrip.framework.apollo.biz.service,com.ctrip.framework.apollo.biz.service.ReleaseServiceTest,com.ctrip.framework.apollo.biz.service.ReleaseServiceTest,192,2,0,2,0,2,False,0,6,0,0,0,0,2
com.ctrip.framework.apollo.biz.service,com.ctrip.framework.apollo.biz.service.ReleaseService,com.ctrip.framework.apollo.biz.service.ReleaseService,325,6,2,4,0,6,False,0,18,0,0,0,0,2
com.ctrip.framework.apollo.biz.service,com.ctrip.framework.apollo.biz.service.ClusterServiceTest,com.ctrip.framework.apollo.biz.service.ClusterServiceTest,20,4,2,2,0,4,False,0,9,0,0,0,0,1
com.ctrip.framework.apollo.portal.spi.configuration,com.ctrip.framework.apollo.portal.spi.configuration.AuthFilterConfiguration,com.ctrip.framework.apollo.portal.spi.configuration.AuthFilterConfiguration,14,0,0,0,0,0,False,0,0,0,0,0,0,1
com.ctrip.framework.apollo.portal.spi.ctrip,com.ctrip.framework.apollo.portal.spi.ctrip.CtripSsoHeartbeatHandler,com.ctrip.framework.apollo.portal.spi.ctrip.CtripSsoHeartbeatHandler,14,0,0,0,0,0,False,0,0,0,0,0,1,1
com.ctrip.framework.apollo.portal.spi.ctrip,com.ctrip.framework.apollo.portal.spi.ctrip.CtripEmailRequestBuilder,com.ctrip.framework.apollo.portal.spi.ctrip.CtripEmailRequestBuilder,98,0,0,0,0,0,False,0,0,0,0,0,0,2
com.ctrip.framework.apollo.portal.spi.ctrip,com.ctrip.framework.apollo.portal.spi.ctrip.CtripUserServiceTest,com.ctrip.framework.apollo.portal.spi.ctrip.CtripUserServiceTest,226,1,0,1,0,1,False,0,3,0,0,0,0,2
com.ctrip.framework.apollo.portal.spi.ctrip,com.ctrip.framework.apollo.portal.spi.ctrip.CtripLogoutHandler,com.ctrip.framework.apollo.portal.spi.ctrip.CtripLogoutHandler,20,1,0,1,0,1,False,0,1,0,0,0,0,1
com.ctrip.framework.apollo.portal.spi.ctrip,com.ctrip.framework.apollo.portal.spi.ctrip.CtripUserService,com.ctrip.framework.apollo.portal.spi.ctrip.CtripUserService,169,1,0,1,0,1,False,0,1,0,0,0,0,2
com.ctrip.framework.apollo.portal.spi.ctrip,com.ctrip.framework.apollo.portal.spi.ctrip.CtripUserInfoHolder,com.ctrip.framework.apollo.portal.spi.ctrip.CtripUserInfoHolder,29,1,0,1,0,1,False,0,1,0,0,0,0,1
com.ctrip.framework.apollo.portal.spi.ctrip,com.ctrip.framework.apollo.portal.spi.ctrip.BizLoggingCustomizer,com.ctrip.framework.apollo.portal.spi.ctrip.BizLoggingCustomizer,23,1,0,2,0,1,True,0,1,0,0,0,0,4
com.ctrip.framework.apollo.portal.spi.ctrip,com.ctrip.framework.apollo.portal.spi.ctrip.WebContextConfiguration,com.ctrip.framework.apollo.portal.spi.ctrip.WebContextConfiguration,28,0,0,0,0,0,False,0,0,0,0,0,0,1
com.ctrip.framework.apollo.portal.spi.ctrip,com.ctrip.framework.apollo.portal.spi.ctrip.CtripEmailService,com.ctrip.framework.apollo.portal.spi.ctrip.CtripEmailService,63,2,1,1,0,2,False,0,2,0,0,0,0,1
com.ctrip.framework.apollo.biz.utils,com.ctrip.framework.apollo.biz.utils.EntityManagerUtil,com.ctrip.framework.apollo.biz.utils.EntityManagerUtil,17,2,0,2,2,0,False,0,0,0,0,0,0,1
com.ctrip.framework.apollo.biz.utils,com.ctrip.framework.apollo.biz.utils.ApolloSwitcher,com.ctrip.framework.apollo.biz.utils.ApolloSwitcher,17,4,0,4,3,1,False,0,1,0,0,0,0,1
com.ctrip.framework.apollo.biz.utils,com.ctrip.framework.apollo.biz.utils.ReleaseKeyGeneratorTest,com.ctrip.framework.apollo.biz.utils.ReleaseKeyGeneratorTest,52,1,1,0,0,1,False,0,1,0,0,0,0,2
com.ctrip.framework.apollo.biz.utils,com.ctrip.framework.apollo.biz.utils.ReleaseKeyGenerator,com.ctrip.framework.apollo.biz.utils.ReleaseKeyGenerator,13,5,1,4,3,2,False,0,4,0,0,0,0,0
com.ctrip.framework.apollo.biz.utils,com.ctrip.framework.apollo.biz.utils.ConfigChangeContentBuilder,com.ctrip.framework.apollo.biz.utils.ConfigChangeContentBuilder,23,4,0,4,2,2,False,0,2,0,0,0,0,1
com.ctrip.framework.apollo.biz.utils,com.ctrip.framework.apollo.biz.utils.ReleaseMessageKeyGenerator,com.ctrip.framework.apollo.biz.utils.ReleaseMessageKeyGenerator,12,2,0,2,2,0,False,0,0,0,0,0,0,0
com.ctrip.framework.apollo.portal.spi.ctrip.filters,com.ctrip.framework.apollo.portal.spi.ctrip.filters.RecordAccessUserFilter,com.ctrip.framework.apollo.portal.spi.ctrip.filters.RecordAccessUserFilter,40,0,0,0,0,0,False,0,0,0,0,0,0,1
com.ctrip.framework.apollo.portal.spi.defaultimpl,com.ctrip.framework.apollo.portal.spi.defaultimpl.DefaultSsoHeartbeatHandler,com.ctrip.framework.apollo.portal.spi.defaultimpl.DefaultSsoHeartbeatHandler,14,0,0,0,0,0,False,0,0,0,0,0,1,1
com.ctrip.framework.apollo.portal.spi.defaultimpl,com.ctrip.framework.apollo.portal.spi.defaultimpl.DefaultEmailService,com.ctrip.framework.apollo.portal.spi.defaultimpl.DefaultEmailService,8,0,0,0,0,0,False,0,0,0,0,0,1,1
com.ctrip.framework.apollo.portal.spi.defaultimpl,com.ctrip.framework.apollo.portal.spi.defaultimpl.DefaultUserInfoHolder,com.ctrip.framework.apollo.portal.spi.defaultimpl.DefaultUserInfoHolder,16,1,0,1,0,1,False,0,1,0,0,0,0,1
com.ctrip.framework.apollo.portal.spi.defaultimpl,com.ctrip.framework.apollo.portal.spi.defaultimpl.DefaultLogoutHandler,com.ctrip.framework.apollo.portal.spi.defaultimpl.DefaultLogoutHandler,12,0,0,0,0,0,False,0,0,0,0,0,1,1
com.ctrip.framework.apollo.portal.spi.defaultimpl,com.ctrip.framework.apollo.portal.spi.defaultimpl.DefaultUserService,com.ctrip.framework.apollo.portal.spi.defaultimpl.DefaultUserService,42,1,0,1,0,1,False,0,3,0,0,0,0,2
com.ctrip.framework.apollo.portal.util,com.ctrip.framework.apollo.portal.util.RoleUtils,com.ctrip.framework.apollo.portal.util.RoleUtils,44,0,0,0,0,0,False,0,0,0,0,0,0,0
com.ctrip.framework.apollo.portal.util,com.ctrip.framework.apollo.portal.util.RelativeDateFormat,com.ctrip.framework.apollo.portal.util.RelativeDateFormat,66,0,0,0,0,0,False,0,1,1,0,0,0,0
com.ctrip.framework.apollo.build,com.ctrip.framework.apollo.build.ComponentConfigurator,com.ctrip.framework.apollo.build.ComponentConfigurator,26,0,0,0,0,0,False,0,0,0,0,0,0,1
com.ctrip.framework.apollo.ds,com.ctrip.framework.apollo.ds.ApolloDataSourceProvider,com.ctrip.framework.apollo.ds.ApolloDataSourceProvider,42,1,0,1,0,1,False,0,3,0,0,0,0,1
com.ctrip.framework.apollo.exceptions,com.ctrip.framework.apollo.exceptions.ApolloConfigStatusCodeException,com.ctrip.framework.apollo.exceptions.ApolloConfigStatusCodeException,9,0,0,0,0,0,False,0,0,0,0,0,0,1
com.ctrip.framework.apollo.exceptions,com.ctrip.framework.apollo.exceptions.ApolloConfigException,com.ctrip.framework.apollo.exceptions.ApolloConfigException,7,0,0,0,0,0,False,0,0,0,0,0,0,1
com.ctrip.framework.apollo.internals,com.ctrip.framework.apollo.internals.RemoteConfigLongPollServiceTest,com.ctrip.framework.apollo.internals.RemoteConfigLongPollServiceTest,157,2,1,1,0,2,False,0,3,0,0,0,0,1
com.ctrip.framework.apollo.internals,com.ctrip.framework.apollo.internals.ConfigServiceLocator,com.ctrip.framework.apollo.internals.ConfigServiceLocator,103,2,0,2,0,2,False,0,9,3,0,0,0,0
com.ctrip.framework.apollo.internals,com.ctrip.framework.apollo.internals.YmlConfigFile,com.ctrip.framework.apollo.internals.YmlConfigFile,9,0,0,0,0,0,False,0,0,0,0,0,0,1
com.ctrip.framework.apollo.internals,com.ctrip.framework.apollo.internals.DefaultConfigTest,com.ctrip.framework.apollo.internals.DefaultConfigTest,382,4,2,2,0,4,False,0,9,0,0,0,0,1
com.ctrip.framework.apollo.internals,com.ctrip.framework.apollo.internals.XmlConfigFileTest,com.ctrip.framework.apollo.internals.XmlConfigFileTest,71,2,2,0,0,2,False,0,3,0,0,0,0,1
com.ctrip.framework.apollo.internals,com.ctrip.framework.apollo.internals.RemoteConfigRepository,com.ctrip.framework.apollo.internals.RemoteConfigRepository,154,5,0,5,0,5,False,0,14,2,0,0,0,2
com.ctrip.framework.apollo.internals,com.ctrip.framework.apollo.internals.DefaultConfigManager,com.ctrip.framework.apollo.internals.DefaultConfigManager,47,1,1,0,1,0,False,0,2,0,0,0,0,1
com.ctrip.framework.apollo.internals,com.ctrip.framework.apollo.internals.AbstractConfigFile,com.ctrip.framework.apollo.internals.AbstractConfigFile,48,4,3,1,3,1,False,1,1,0,0,0,1,0
com.ctrip.framework.apollo.internals,com.ctrip.framework.apollo.internals.DefaultConfigManagerTest,com.ctrip.framework.apollo.internals.DefaultConfigManagerTest,70,1,1,0,0,1,False,0,1,0,0,0,0,1
com.ctrip.framework.apollo.internals,com.ctrip.framework.apollo.internals.JsonConfigFileTest,com.ctrip.framework.apollo.internals.JsonConfigFileTest,93,2,2,0,0,2,False,0,4,0,0,0,0,1
com.ctrip.framework.apollo.internals,com.ctrip.framework.apollo.internals.JsonConfigFile,com.ctrip.framework.apollo.internals.JsonConfigFile,14,1,1,0,1,0,False,0,0,0,0,0,0,1
com.ctrip.framework.apollo.internals,com.ctrip.framework.apollo.internals.SimpleConfig,com.ctrip.framework.apollo.internals.SimpleConfig,73,3,2,1,1,2,False,0,3,0,0,0,0,0
com.ctrip.framework.apollo.internals,com.ctrip.framework.apollo.internals.RemoteConfigRepositoryTest,com.ctrip.framework.apollo.internals.RemoteConfigRepositoryTest,133,3,2,1,0,3,False,0,4,1,0,0,0,1
com.ctrip.framework.apollo.internals,com.ctrip.framework.apollo.internals.AbstractConfigRepository,com.ctrip.framework.apollo.internals.AbstractConfigRepository,48,3,2,1,2,1,False,0,2,0,0,0,0,4
com.ctrip.framework.apollo.internals,com.ctrip.framework.apollo.internals.LocalFileConfigRepository,com.ctrip.framework.apollo.internals.LocalFileConfigRepository,277,1,0,1,0,1,False,0,2,0,0,0,0,0
com.ctrip.framework.apollo.internals,com.ctrip.framework.apollo.internals.PropertiesConfigFileTest,com.ctrip.framework.apollo.internals.PropertiesConfigFileTest,93,1,1,0,0,1,False,0,4,0,0,0,0,1
com.ctrip.framework.apollo.internals,com.ctrip.framework.apollo.internals.PlainTextConfigFile,com.ctrip.framework.apollo.internals.PlainTextConfigFile,21,2,2,0,2,0,False,0,0,0,0,0,0,1
com.ctrip.framework.apollo.internals,com.ctrip.framework.apollo.internals.SimpleConfigTest,com.ctrip.framework.apollo.internals.SimpleConfigTest,63,4,2,2,0,4,False,0,9,0,0,0,0,1
com.ctrip.framework.apollo.internals,com.ctrip.framework.apollo.internals.AbstractConfig,com.ctrip.framework.apollo.internals.AbstractConfig,268,2,2,0,2,0,False,0,0,0,0,0,1,4
com.ctrip.framework.apollo.internals,com.ctrip.framework.apollo.internals.DefaultConfig,com.ctrip.framework.apollo.internals.DefaultConfig,105,3,2,1,1,2,False,0,3,1,0,0,1,0
com.ctrip.framework.apollo.internals,com.ctrip.framework.apollo.internals.PropertiesConfigFile,com.ctrip.framework.apollo.internals.PropertiesConfigFile,63,1,2,0,1,0,True,0,0,0,0,0,0,0
com.ctrip.framework.apollo.internals,com.ctrip.framework.apollo.internals.XmlConfigFile,com.ctrip.framework.apollo.internals.XmlConfigFile,14,1,1,0,1,0,False,0,0,0,0,0,0,1
com.ctrip.framework.apollo.internals,com.ctrip.framework.apollo.internals.LocalFileConfigRepositoryTest,com.ctrip.framework.apollo.internals.LocalFileConfigRepositoryTest,190,0,0,0,0,0,False,0,1,1,0,0,0,2
com.ctrip.framework.apollo.internals,com.ctrip.framework.apollo.internals.YamlConfigFile,com.ctrip.framework.apollo.internals.YamlConfigFile,9,0,0,0,0,0,False,0,0,0,0,0,0,1
com.ctrip.framework.apollo.internals,com.ctrip.framework.apollo.internals.RemoteConfigLongPollService,com.ctrip.framework.apollo.internals.RemoteConfigLongPollService,280,1,1,0,0,1,False,0,1,0,0,0,0,2
com.ctrip.framework.apollo.model,com.ctrip.framework.apollo.model.ConfigChangeEvent,com.ctrip.framework.apollo.model.ConfigChangeEvent,51,4,0,4,4,0,False,0,0,0,0,0,0,1
com.ctrip.framework.apollo.model,com.ctrip.framework.apollo.model.ConfigChange,com.ctrip.framework.apollo.model.ConfigChange,58,1,0,1,1,0,False,0,0,0,0,0,0,1
com.ctrip.framework.apollo.spi,com.ctrip.framework.apollo.spi.DefaultConfigFactoryManager,com.ctrip.framework.apollo.spi.DefaultConfigFactoryManager,22,1,1,0,1,0,False,0,1,0,0,0,0,1
com.ctrip.framework.apollo.spi,com.ctrip.framework.apollo.spi.DefaultConfigFactory,com.ctrip.framework.apollo.spi.DefaultConfigFactory,67,0,0,0,0,0,False,0,0,0,0,0,0,0
com.ctrip.framework.apollo.spi,com.ctrip.framework.apollo.spi.DefaultConfigFactoryManagerTest,com.ctrip.framework.apollo.spi.DefaultConfigFactoryManagerTest,62,1,1,0,0,1,False,0,1,0,0,0,0,1
com.ctrip.framework.apollo.spi,com.ctrip.framework.apollo.spi.DefaultConfigRegistry,com.ctrip.framework.apollo.spi.DefaultConfigRegistry,20,1,1,0,1,0,False,0,0,0,0,0,0,1
com.ctrip.framework.apollo.spi,com.ctrip.framework.apollo.spi.DefaultConfigRegistryTest,com.ctrip.framework.apollo.spi.DefaultConfigRegistryTest,38,1,1,0,0,1,False,0,1,0,0,0,0,1
com.ctrip.framework.apollo.spi,com.ctrip.framework.apollo.spi.DefaultConfigFactoryTest,com.ctrip.framework.apollo.spi.DefaultConfigFactoryTest,81,2,1,1,0,2,False,0,3,0,0,0,0,1
com.ctrip.framework.apollo.util,com.ctrip.framework.apollo.util.ConfigUtil,com.ctrip.framework.apollo.util.ConfigUtil,224,0,0,0,0,0,False,0,0,0,0,0,0,1
com.ctrip.framework.apollo.util,com.ctrip.framework.apollo.util.ExceptionUtil,com.ctrip.framework.apollo.util.ExceptionUtil,12,8,1,7,8,0,False,0,0,0,0,0,0,0
com.ctrip.framework.apollo.util,com.ctrip.framework.apollo.util.ExceptionUtilTest,com.ctrip.framework.apollo.util.ExceptionUtilTest,12,1,1,0,0,1,False,0,1,0,0,0,0,1
com.ctrip.framework.apollo.util.http,com.ctrip.framework.apollo.util.http.HttpResponse,com.ctrip.framework.apollo.util.http.HttpResponse,19,0,0,0,0,0,False,0,0,0,0,0,0,1
com.ctrip.framework.apollo.util.http,com.ctrip.framework.apollo.util.http.HttpRequest,com.ctrip.framework.apollo.util.http.HttpRequest,37,1,0,1,1,0,False,0,0,0,0,0,0,1
com.ctrip.framework.apollo.util.http,com.ctrip.framework.apollo.util.http.HttpUtil,com.ctrip.framework.apollo.util.http.HttpUtil,83,2,1,1,0,2,False,0,5,0,0,0,0,2
com.ctrip.framework.apollo.util.parser,com.ctrip.framework.apollo.util.parser.DurationParserTest,com.ctrip.framework.apollo.util.parser.DurationParserTest,82,0,0,0,0,0,False,0,0,0,0,0,0,1
com.ctrip.framework.apollo.util.parser,com.ctrip.framework.apollo.util.parser.Parsers,com.ctrip.framework.apollo.util.parser.Parsers,15,1,0,1,1,0,False,0,0,0,0,0,0,0
com.ctrip.framework.apollo.util.parser,com.ctrip.framework.apollo.util.parser.ParserException,com.ctrip.framework.apollo.util.parser.ParserException,8,0,0,0,0,0,False,0,0,0,0,0,0,1
com.ctrip.framework.apollo.util.parser,com.ctrip.framework.apollo.util.parser.DateParserTest,com.ctrip.framework.apollo.util.parser.DateParserTest,49,0,0,0,0,0,False,0,2,2,0,0,0,1
com.ctrip.framework.apollo.integration,com.ctrip.framework.apollo.integration.ConfigIntegrationTest,com.ctrip.framework.apollo.integration.ConfigIntegrationTest,191,3,0,3,0,3,False,0,9,2,0,0,0,1
com.ctrip.framework.apollo.common.aop,com.ctrip.framework.apollo.common.aop.RepositoryAspect,com.ctrip.framework.apollo.common.aop.RepositoryAspect,16,0,0,0,0,0,False,0,0,0,0,0,0,1
com.ctrip.framework.apollo.common.auth,com.ctrip.framework.apollo.common.auth.WebSecurityConfig,com.ctrip.framework.apollo.common.auth.WebSecurityConfig,23,0,0,0,0,0,False,0,0,0,0,0,0,1
com.ctrip.framework.apollo.common.controller,com.ctrip.framework.apollo.common.controller.GlobalDefaultExceptionHandler,com.ctrip.framework.apollo.common.controller.GlobalDefaultExceptionHandler,80,1,0,1,0,1,False,0,1,0,0,0,1,2
com.ctrip.framework.apollo.common.controller,com.ctrip.framework.apollo.common.controller.HttpMessageConverterConfiguration,com.ctrip.framework.apollo.common.controller.HttpMessageConverterConfiguration,22,0,0,0,0,0,False,0,0,0,0,0,0,1
com.ctrip.framework.apollo.common.controller,com.ctrip.framework.apollo.common.controller.ApolloInfoController,com.ctrip.framework.apollo.common.controller.ApolloInfoController,33,0,0,0,0,0,False,0,0,0,0,0,0,1
com.ctrip.framework.apollo.common.controller,com.ctrip.framework.apollo.common.controller.WebMvcConfig,com.ctrip.framework.apollo.common.controller.WebMvcConfig,25,0,0,0,0,0,False,0,0,0,0,0,0,1
com.ctrip.framework.apollo.common.controller,com.ctrip.framework.apollo.common.controller.CharacterEncodingFilterConfiguration,com.ctrip.framework.apollo.common.controller.CharacterEncodingFilterConfiguration,13,0,0,0,0,0,False,0,0,0,0,0,0,1
com.ctrip.framework.apollo.common.customize,com.ctrip.framework.apollo.common.customize.LoggingCustomizer,com.ctrip.framework.apollo.common.customize.LoggingCustomizer,77,2,0,2,2,0,False,2,0,0,0,0,0,0
com.ctrip.framework.apollo.common.customize,com.ctrip.framework.apollo.common.customize.TomcatContainerCustomizer,com.ctrip.framework.apollo.common.customize.TomcatContainerCustomizer,26,0,0,0,0,0,False,0,0,0,0,0,0,1
com.ctrip.framework.apollo.common.datasource,com.ctrip.framework.apollo.common.datasource.TitanCondition,com.ctrip.framework.apollo.common.datasource.TitanCondition,11,1,0,1,0,1,False,0,1,0,0,0,1,1
com.ctrip.framework.apollo.common.datasource,com.ctrip.framework.apollo.common.datasource.TitanEntityManager,com.ctrip.framework.apollo.common.datasource.TitanEntityManager,21,2,1,1,0,2,False,0,3,0,0,0,0,1
com.ctrip.framework.apollo.common.datasource,com.ctrip.framework.apollo.common.datasource.TitanSettings,com.ctrip.framework.apollo.common.datasource.TitanSettings,50,2,1,1,1,1,False,0,1,0,0,0,0,1
com.ctrip.framework.apollo.common.dto,com.ctrip.framework.apollo.common.dto.BaseDTO,com.ctrip.framework.apollo.common.dto.BaseDTO,44,2,0,2,2,0,False,0,0,0,0,0,0,1
com.ctrip.framework.apollo.common.dto,com.ctrip.framework.apollo.common.dto.PageDTO,com.ctrip.framework.apollo.common.dto.PageDTO,41,0,0,0,0,0,False,0,0,0,0,0,0,1
com.ctrip.framework.apollo.common.dto,com.ctrip.framework.apollo.common.dto.CommitDTO,com.ctrip.framework.apollo.common.dto.CommitDTO,51,0,0,0,0,0,False,0,0,0,0,0,0,1
com.ctrip.framework.apollo.common.dto,com.ctrip.framework.apollo.common.dto.AppNamespaceDTO,com.ctrip.framework.apollo.common.dto.AppNamespaceDTO,57,0,0,0,0,0,False,0,0,0,0,0,0,1
com.ctrip.framework.apollo.common.dto,com.ctrip.framework.apollo.common.dto.InstanceConfigDTO,com.ctrip.framework.apollo.common.dto.InstanceConfigDTO,33,1,0,1,1,0,False,0,0,0,0,0,0,1
com.ctrip.framework.apollo.common.dto,com.ctrip.framework.apollo.common.dto.AppDTO,com.ctrip.framework.apollo.common.dto.AppDTO,71,3,0,3,3,0,False,0,0,0,0,0,0,1
com.ctrip.framework.apollo.common.dto,com.ctrip.framework.apollo.common.dto.ItemDTO,com.ctrip.framework.apollo.common.dto.ItemDTO,73,5,0,5,5,0,False,0,0,0,0,0,0,1
com.ctrip.framework.apollo.common.dto,com.ctrip.framework.apollo.common.dto.NamespaceDTO,com.ctrip.framework.apollo.common.dto.NamespaceDTO,40,2,0,2,2,0,False,0,0,0,0,0,0,1
com.ctrip.framework.apollo.common.dto,com.ctrip.framework.apollo.common.dto.ReleaseDTO,com.ctrip.framework.apollo.common.dto.ReleaseDTO,30,1,0,1,1,0,False,0,0,0,0,0,0,1
com.ctrip.framework.apollo.common.dto,com.ctrip.framework.apollo.common.dto.ClusterDTO,com.ctrip.framework.apollo.common.dto.ClusterDTO,25,0,0,0,0,0,False,0,0,0,0,0,0,1
com.ctrip.framework.apollo.common.dto,com.ctrip.framework.apollo.common.dto.GrayReleaseRuleItemDTO,com.ctrip.framework.apollo.common.dto.GrayReleaseRuleItemDTO,27,2,0,2,2,0,False,0,0,0,0,0,0,1
com.ctrip.framework.apollo.common.dto,com.ctrip.framework.apollo.common.dto.ItemChangeSets,com.ctrip.framework.apollo.common.dto.ItemChangeSets,23,3,0,3,3,0,False,0,0,0,0,0,0,1
com.ctrip.framework.apollo.common.dto,com.ctrip.framework.apollo.common.dto.InstanceDTO,com.ctrip.framework.apollo.common.dto.InstanceDTO,76,0,0,0,0,0,False,0,0,0,0,0,0,1
com.ctrip.framework.apollo.common.dto,com.ctrip.framework.apollo.common.dto.ReleaseHistoryDTO,com.ctrip.framework.apollo.common.dto.ReleaseHistoryDTO,96,1,0,1,1,0,False,0,0,0,0,0,0,1
com.ctrip.framework.apollo.common.dto,com.ctrip.framework.apollo.common.dto.GrayReleaseRuleDTO,com.ctrip.framework.apollo.common.dto.GrayReleaseRuleDTO,62,1,0,1,1,0,False,0,0,0,0,0,0,1
com.ctrip.framework.apollo.common.dto,com.ctrip.framework.apollo.common.dto.NamespaceLockDTO,com.ctrip.framework.apollo.common.dto.NamespaceLockDTO,7,0,0,0,0,0,False,0,0,0,0,0,0,1
com.ctrip.framework.apollo.common.entity,com.ctrip.framework.apollo.common.entity.EntityPair,com.ctrip.framework.apollo.common.entity.EntityPair,25,0,0,0,0,0,False,0,0,0,0,0,0,1
com.ctrip.framework.apollo.common.entity,com.ctrip.framework.apollo.common.entity.BaseEntity,com.ctrip.framework.apollo.common.entity.BaseEntity,62,0,0,0,0,0,False,0,0,0,0,0,0,1
com.ctrip.framework.apollo.common.entity,com.ctrip.framework.apollo.common.entity.AppNamespace,com.ctrip.framework.apollo.common.entity.AppNamespace,78,1,1,0,0,1,True,0,1,0,0,0,0,1
com.ctrip.framework.apollo.common.entity,com.ctrip.framework.apollo.common.entity.App,com.ctrip.framework.apollo.common.entity.App,82,1,1,0,0,1,True,0,1,0,0,0,0,1
com.ctrip.framework.apollo.common.exception,com.ctrip.framework.apollo.common.exception.NotFoundException,com.ctrip.framework.apollo.common.exception.NotFoundException,8,1,1,0,0,1,False,0,1,0,0,0,0,1
com.ctrip.framework.apollo.common.exception,com.ctrip.framework.apollo.common.exception.ServiceException,com.ctrip.framework.apollo.common.exception.ServiceException,12,1,1,0,0,1,False,0,1,0,0,0,0,1
com.ctrip.framework.apollo.common.exception,com.ctrip.framework.apollo.common.exception.BadRequestException,com.ctrip.framework.apollo.common.exception.BadRequestException,9,1,1,0,0,1,False,0,1,0,0,0,0,1
com.ctrip.framework.apollo.common.exception,com.ctrip.framework.apollo.common.exception.AbstractApolloHttpException,com.ctrip.framework.apollo.common.exception.AbstractApolloHttpException,23,1,0,1,1,0,False,0,0,0,0,0,0,1
com.ctrip.framework.apollo.common.exception,com.ctrip.framework.apollo.common.exception.BeanUtilsException,com.ctrip.framework.apollo.common.exception.BeanUtilsException,5,0,0,0,0,0,False,0,0,0,0,0,0,1
com.ctrip.framework.apollo.common.http,com.ctrip.framework.apollo.common.http.RichResponseEntity,com.ctrip.framework.apollo.common.http.RichResponseEntity,34,0,0,0,0,0,False,0,0,0,0,0,0,1
com.ctrip.framework.apollo.common.http,com.ctrip.framework.apollo.common.http.MultiResponseEntity,com.ctrip.framework.apollo.common.http.MultiResponseEntity,29,0,0,0,0,0,False,0,0,0,0,0,0,1
com.ctrip.framework.apollo.common.utils,com.ctrip.framework.apollo.common.utils.InputValidator,com.ctrip.framework.apollo.common.utils.InputValidator,27,2,0,2,1,1,False,0,1,0,0,0,0,0
com.ctrip.framework.apollo.common.utils,com.ctrip.framework.apollo.common.utils.InputValidatorTest,com.ctrip.framework.apollo.common.utils.InputValidatorTest,19,1,1,0,0,1,False,0,1,0,0,0,0,1
com.ctrip.framework.apollo.common.utils,com.ctrip.framework.apollo.common.utils.UniqueKeyGenerator,com.ctrip.framework.apollo.common.utils.UniqueKeyGenerator,32,1,0,1,0,1,False,0,3,0,0,0,0,0
com.ctrip.framework.apollo.common.utils,com.ctrip.framework.apollo.common.utils.GrayReleaseRuleItemTransformer,com.ctrip.framework.apollo.common.utils.GrayReleaseRuleItemTransformer,23,1,0,1,1,0,False,0,0,0,0,0,0,0
com.ctrip.framework.apollo.common.utils,com.ctrip.framework.apollo.common.utils.BeanUtils,com.ctrip.framework.apollo.common.utils.BeanUtils,137,1,0,1,1,0,False,0,1,1,0,0,0,0
com.ctrip.framework.apollo.common.utils,com.ctrip.framework.apollo.common.utils.RequestPrecondition,com.ctrip.framework.apollo.common.utils.RequestPrecondition,47,2,0,2,2,0,False,0,0,0,0,0,0,0
com.ctrip.framework.apollo.common.utils,com.ctrip.framework.apollo.common.utils.ExceptionUtils,com.ctrip.framework.apollo.common.utils.ExceptionUtils,18,1,0,1,1,0,False,0,0,0,0,0,0,0
com.ctrip.framework.apollo.configservice,com.ctrip.framework.apollo.configservice.ConfigServiceHealthIndicator,com.ctrip.framework.apollo.configservice.ConfigServiceHealthIndicator,26,1,0,1,0,1,False,0,1,0,0,0,0,2
com.ctrip.framework.apollo.configservice,com.ctrip.framework.apollo.configservice.ConfigServiceApplication,com.ctrip.framework.apollo.configservice.ConfigServiceApplication,37,0,0,0,0,0,False,0,0,0,0,0,0,0
com.ctrip.framework.apollo.configservice,com.ctrip.framework.apollo.configservice.ServletInitializer,com.ctrip.framework.apollo.configservice.ServletInitializer,13,0,0,0,0,0,False,0,0,0,0,0,0,4
com.ctrip.framework.apollo.configservice,com.ctrip.framework.apollo.configservice.ConfigServiceAutoConfiguration,com.ctrip.framework.apollo.configservice.ConfigServiceAutoConfiguration,18,0,0,0,0,0,False,0,0,0,0,0,0,1
com.ctrip.framework.apollo.configservice.controller,com.ctrip.framework.apollo.configservice.controller.ConfigController,com.ctrip.framework.apollo.configservice.controller.ConfigController,251,0,0,0,0,0,False,0,0,0,0,0,0,2
com.ctrip.framework.apollo.configservice.controller,com.ctrip.framework.apollo.configservice.controller.NotificationControllerV2,com.ctrip.framework.apollo.configservice.controller.NotificationControllerV2,79,7,1,6,1,6,False,0,9,2,0,0,1,1
com.ctrip.framework.apollo.configservice.controller,com.ctrip.framework.apollo.configservice.controller.ConfigControllerTest,com.ctrip.framework.apollo.configservice.controller.ConfigControllerTest,270,4,1,3,0,4,False,0,8,0,0,0,0,1
com.ctrip.framework.apollo.configservice.controller,com.ctrip.framework.apollo.configservice.controller.TestWebSecurityConfig,com.ctrip.framework.apollo.configservice.controller.TestWebSecurityConfig,24,0,0,0,0,0,False,0,0,0,0,0,0,1
com.ctrip.framework.apollo.configservice.controller,com.ctrip.framework.apollo.configservice.controller.NotificationControllerTest,com.ctrip.framework.apollo.configservice.controller.NotificationControllerTest,196,4,1,3,0,4,False,0,6,0,0,0,0,1
com.ctrip.framework.apollo.configservice.controller,com.ctrip.framework.apollo.configservice.controller.ConfigFileController,com.ctrip.framework.apollo.configservice.controller.ConfigFileController,160,4,0,4,0,4,False,0,7,3,0,0,0,0
com.ctrip.framework.apollo.configservice.controller,com.ctrip.framework.apollo.configservice.controller.NotificationController,com.ctrip.framework.apollo.configservice.controller.NotificationController,62,6,1,5,1,5,False,0,6,1,0,0,1,1
com.ctrip.framework.apollo.configservice.controller,com.ctrip.framework.apollo.configservice.controller.ConfigFileControllerTest,com.ctrip.framework.apollo.configservice.controller.ConfigFileControllerTest,178,4,2,2,0,4,False,0,4,0,0,0,0,1
com.ctrip.framework.apollo.configservice.controller,com.ctrip.framework.apollo.configservice.controller.NotificationControllerV2Test,com.ctrip.framework.apollo.configservice.controller.NotificationControllerV2Test,286,0,0,0,0,0,False,0,1,1,0,0,0,2
com.ctrip.framework.apollo.configservice.util,com.ctrip.framework.apollo.configservice.util.NamespaceUtil,com.ctrip.framework.apollo.configservice.util.NamespaceUtil,11,9,1,8,9,0,False,0,0,0,0,0,0,1
com.ctrip.framework.apollo.configservice.util,com.ctrip.framework.apollo.configservice.util.InstanceConfigAuditUtil,com.ctrip.framework.apollo.configservice.util.InstanceConfigAuditUtil,60,2,1,1,2,0,False,0,0,0,0,0,0,1
com.ctrip.framework.apollo.configservice.util,com.ctrip.framework.apollo.configservice.util.WatchKeysUtil,com.ctrip.framework.apollo.configservice.util.WatchKeysUtil,67,2,0,2,0,2,False,0,4,1,0,0,0,2
com.ctrip.framework.apollo.configservice.util,com.ctrip.framework.apollo.configservice.util.InstanceConfigAuditUtilTest,com.ctrip.framework.apollo.configservice.util.InstanceConfigAuditUtilTest,80,3,1,2,0,3,False,0,3,0,0,0,0,1
com.ctrip.framework.apollo.configservice.util,com.ctrip.framework.apollo.configservice.util.WatchKeysUtilTest,com.ctrip.framework.apollo.configservice.util.WatchKeysUtilTest,106,1,1,0,0,1,False,0,2,1,0,0,0,1
com.ctrip.framework.apollo.configservice.util,com.ctrip.framework.apollo.configservice.util.NamespaceUtilTest,com.ctrip.framework.apollo.configservice.util.NamespaceUtilTest,19,1,1,0,0,1,False,0,1,0,0,0,0,1
com.ctrip.framework.apollo.metaservice.controller,com.ctrip.framework.apollo.metaservice.controller.ServiceController,com.ctrip.framework.apollo.metaservice.controller.ServiceController,62,1,0,1,0,1,False,0,1,0,0,0,0,1
com.ctrip.framework.apollo.metaservice.service,com.ctrip.framework.apollo.metaservice.service.DiscoveryService,com.ctrip.framework.apollo.metaservice.service.DiscoveryService,37,2,0,2,1,1,False,0,1,0,0,0,0,1
com.ctrip.framework.apollo.configservice.integration,com.ctrip.framework.apollo.configservice.integration.ConfigControllerIntegrationTest,com.ctrip.framework.apollo.configservice.integration.ConfigControllerIntegrationTest,341,0,0,0,0,0,False,0,0,0,0,0,0,2
com.ctrip.framework.apollo.configservice.integration,com.ctrip.framework.apollo.configservice.integration.NotificationControllerIntegrationTest,com.ctrip.framework.apollo.configservice.integration.NotificationControllerIntegrationTest,40,2,1,1,0,2,False,0,5,1,0,0,0,1
com.ctrip.framework.apollo.configservice.integration,com.ctrip.framework.apollo.configservice.integration.NotificationControllerV2IntegrationTest,com.ctrip.framework.apollo.configservice.integration.NotificationControllerV2IntegrationTest,98,2,1,1,0,2,False,0,6,2,0,0,0,1
com.ctrip.framework.apollo.configservice.integration,com.ctrip.framework.apollo.configservice.integration.AbstractBaseIntegrationTest,com.ctrip.framework.apollo.configservice.integration.AbstractBaseIntegrationTest,89,4,4,0,4,0,False,0,1,1,0,0,0,4
com.ctrip.framework.apollo.configservice.integration,com.ctrip.framework.apollo.configservice.integration.ConfigFileControllerIntegrationTest,com.ctrip.framework.apollo.configservice.integration.ConfigFileControllerIntegrationTest,255,0,0,0,0,0,False,0,0,0,0,0,0,2
com.ctrip.framework.apollo.core,com.ctrip.framework.apollo.core.MetaDomainTest,com.ctrip.framework.apollo.core.MetaDomainTest,10,0,0,0,0,0,False,0,0,0,0,0,0,1
com.ctrip.framework.apollo.core.dto,com.ctrip.framework.apollo.core.dto.ServiceDTO,com.ctrip.framework.apollo.core.dto.ServiceDTO,27,5,0,5,5,0,False,0,0,0,0,0,0,1
com.ctrip.framework.apollo.core.dto,com.ctrip.framework.apollo.core.dto.ApolloConfigNotification,com.ctrip.framework.apollo.core.dto.ApolloConfigNotification,35,0,0,0,0,0,False,0,0,0,0,0,0,1
com.ctrip.framework.apollo.core.dto,com.ctrip.framework.apollo.core.dto.ApolloConfig,com.ctrip.framework.apollo.core.dto.ApolloConfig,65,0,0,0,0,0,False,0,0,0,0,0,0,1
com.ctrip.framework.apollo.core.enums,com.ctrip.framework.apollo.core.enums.EnvUtils,com.ctrip.framework.apollo.core.enums.EnvUtils,7,3,0,3,2,1,False,0,1,0,0,0,0,0
com.ctrip.framework.apollo.core.schedule,com.ctrip.framework.apollo.core.schedule.ExponentialSchedulePolicy,com.ctrip.framework.apollo.core.schedule.ExponentialSchedulePolicy,31,0,0,0,0,0,False,0,0,0,0,0,0,1
com.ctrip.framework.apollo.core.utils,com.ctrip.framework.apollo.core.utils.ByteUtil,com.ctrip.framework.apollo.core.utils.ByteUtil,27,1,0,1,1,0,False,0,0,0,0,0,0,0
com.ctrip.framework.apollo.core.utils,com.ctrip.framework.apollo.core.utils.ClassLoaderUtil,com.ctrip.framework.apollo.core.utils.ClassLoaderUtil,53,1,0,1,1,0,False,0,0,0,0,0,0,0
com.ctrip.framework.apollo.core.utils,com.ctrip.framework.apollo.core.utils.PropertiesUtil,com.ctrip.framework.apollo.core.utils.PropertiesUtil,11,2,0,2,2,0,False,0,1,1,0,0,0,0
com.ctrip.framework.apollo.core.utils,com.ctrip.framework.apollo.core.utils.StringUtils,com.ctrip.framework.apollo.core.utils.StringUtils,77,0,0,0,0,0,False,0,2,2,0,0,0,0
com.ctrip.framework.apollo.core.utils,com.ctrip.framework.apollo.core.utils.MachineUtil,com.ctrip.framework.apollo.core.utils.MachineUtil,19,1,0,1,1,0,False,0,0,0,0,0,0,0
com.ctrip.framework.apollo.core.utils,com.ctrip.framework.apollo.core.utils.ServiceBootstrapTest,com.ctrip.framework.apollo.core.utils.ServiceBootstrapTest,34,1,1,0,0,1,False,0,1,0,0,0,0,1
com.ctrip.framework.apollo.core.utils,com.ctrip.framework.apollo.core.utils.ServiceBootstrap,com.ctrip.framework.apollo.core.utils.ServiceBootstrap,7,1,1,0,1,0,False,0,1,1,0,0,0,0
com.ctrip.framework.apollo.core.utils,com.ctrip.framework.apollo.core.utils.ResourceUtils,com.ctrip.framework.apollo.core.utils.ResourceUtils,19,1,1,0,0,1,False,0,1,0,0,0,0,0
com.ctrip.framework.apollo.core.utils,com.ctrip.framework.apollo.core.utils.ApolloThreadFactory,com.ctrip.framework.apollo.core.utils.ApolloThreadFactory,79,0,0,0,0,0,False,0,0,0,0,0,0,2
com.ctrip.framework.apollo.core.utils,com.ctrip.framework.apollo.core.utils.DNSUtil,com.ctrip.framework.apollo.core.utils.DNSUtil,10,0,0,0,0,0,False,0,0,0,0,0,0,0
com.ctrip.framework.apollo.tracer.internals.cat,com.ctrip.framework.apollo.tracer.internals.cat.CatTransaction,com.ctrip.framework.apollo.tracer.internals.cat.CatTransaction,33,0,0,0,0,0,False,0,0,0,0,0,0,8
com.ctrip.framework.apollo.tracer.internals.cat,com.ctrip.framework.apollo.tracer.internals.cat.CatMessageProducer,com.ctrip.framework.apollo.tracer.internals.cat.CatMessageProducer,57,0,0,0,0,0,False,0,0,0,0,0,0,1
com.ctrip.framework.apollo.tracer.internals,com.ctrip.framework.apollo.tracer.internals.NullMessageProducerManagerTest,com.ctrip.framework.apollo.tracer.internals.NullMessageProducerManagerTest,21,0,0,0,0,0,False,0,1,0,0,0,0,1
com.ctrip.framework.apollo.tracer.internals,com.ctrip.framework.apollo.tracer.internals.NullMessageProducer,com.ctrip.framework.apollo.tracer.internals.NullMessageProducer,24,0,0,0,0,0,False,0,0,0,0,0,4,1
com.ctrip.framework.apollo.tracer.internals,com.ctrip.framework.apollo.tracer.internals.DefaultMessageProducerManagerTest,com.ctrip.framework.apollo.tracer.internals.DefaultMessageProducerManagerTest,21,0,0,0,0,0,False,0,1,0,0,0,0,1
com.ctrip.framework.apollo.tracer.internals,com.ctrip.framework.apollo.tracer.internals.NullMessageProducerTest,com.ctrip.framework.apollo.tracer.internals.NullMessageProducerTest,21,0,0,0,0,0,False,0,1,0,0,0,0,1
com.ctrip.framework.apollo.tracer.internals,com.ctrip.framework.apollo.tracer.internals.NullMessageProducerManager,com.ctrip.framework.apollo.tracer.internals.NullMessageProducerManager,12,1,1,0,1,0,False,0,0,0,0,0,0,1
com.ctrip.framework.apollo.tracer.internals,com.ctrip.framework.apollo.tracer.internals.NullTransaction,com.ctrip.framework.apollo.tracer.internals.NullTransaction,13,0,0,0,0,0,False,0,0,0,0,0,1,1
com.ctrip.framework.apollo.tracer.internals,com.ctrip.framework.apollo.tracer.internals.MockMessageProducerManager,com.ctrip.framework.apollo.tracer.internals.MockMessageProducerManager,17,1,0,1,1,0,False,0,0,0,0,0,0,0
com.ctrip.framework.apollo.tracer.internals,com.ctrip.framework.apollo.tracer.internals.DefaultMessageProducerManager,com.ctrip.framework.apollo.tracer.internals.DefaultMessageProducerManager,23,0,0,0,0,0,False,0,0,0,0,0,0,1
com.ctrip.framework.apollo.tracer,com.ctrip.framework.apollo.tracer.Tracer,com.ctrip.framework.apollo.tracer.Tracer,43,28,1,27,28,0,False,0,2,0,0,0,0,0
com.ctrip.framework.apollo.tracer,com.ctrip.framework.apollo.tracer.TracerTest,com.ctrip.framework.apollo.tracer.TracerTest,25,1,0,1,0,1,False,0,1,0,0,0,0,1
com.ctrip.framework.apollo.openapi.auth,com.ctrip.framework.apollo.openapi.auth.ConsumerPermissionValidator,com.ctrip.framework.apollo.openapi.auth.ConsumerPermissionValidator,29,3,0,3,0,3,False,0,3,0,0,0,0,1
com.ctrip.framework.apollo.openapi.dto,com.ctrip.framework.apollo.openapi.dto.OpenEnvClusterDTO,com.ctrip.framework.apollo.openapi.dto.OpenEnvClusterDTO,22,1,0,1,1,0,False,0,0,0,0,0,0,1
com.ctrip.framework.apollo.openapi.dto,com.ctrip.framework.apollo.openapi.dto.OpenReleaseDTO,com.ctrip.framework.apollo.openapi.dto.OpenReleaseDTO,65,0,0,0,0,0,False,0,0,0,0,0,0,1
com.ctrip.framework.apollo.openapi.dto,com.ctrip.framework.apollo.openapi.dto.OpenNamespaceLockDTO,com.ctrip.framework.apollo.openapi.dto.OpenNamespaceLockDTO,17,0,0,0,0,0,False,0,0,0,0,0,0,1
com.ctrip.framework.apollo.openapi.dto,com.ctrip.framework.apollo.openapi.dto.OpenNamespaceDTO,com.ctrip.framework.apollo.openapi.dto.OpenNamespaceDTO,75,1,0,1,1,0,False,0,0,0,0,0,0,1
com.ctrip.framework.apollo.openapi.dto,com.ctrip.framework.apollo.openapi.dto.OpenItemDTO,com.ctrip.framework.apollo.openapi.dto.OpenItemDTO,33,0,0,0,0,0,False,0,0,0,0,0,0,1
com.ctrip.framework.apollo.openapi.entity,com.ctrip.framework.apollo.openapi.entity.Consumer,com.ctrip.framework.apollo.openapi.entity.Consumer,84,1,0,1,0,1,True,0,1,0,0,0,0,1
com.ctrip.framework.apollo.openapi.entity,com.ctrip.framework.apollo.openapi.entity.ConsumerToken,com.ctrip.framework.apollo.openapi.entity.ConsumerToken,55,1,0,1,0,1,True,0,1,0,0,0,0,1
com.ctrip.framework.apollo.openapi.entity,com.ctrip.framework.apollo.openapi.entity.ConsumerRole,com.ctrip.framework.apollo.openapi.entity.ConsumerRole,38,0,0,0,0,0,False,0,0,0,0,0,0,1
com.ctrip.framework.apollo.openapi.entity,com.ctrip.framework.apollo.openapi.entity.ConsumerAudit,com.ctrip.framework.apollo.openapi.entity.ConsumerAudit,98,0,0,0,0,0,False,0,0,0,0,0,0,1
com.ctrip.framework.apollo.openapi.filter,com.ctrip.framework.apollo.openapi.filter.ConsumerAuthenticationFilter,com.ctrip.framework.apollo.openapi.filter.ConsumerAuthenticationFilter,34,3,1,2,1,2,False,0,3,0,0,0,0,1
com.ctrip.framework.apollo.openapi.filter,com.ctrip.framework.apollo.openapi.filter.ConsumerAuthenticationFilterTest,com.ctrip.framework.apollo.openapi.filter.ConsumerAuthenticationFilterTest,61,2,1,1,0,2,False,0,2,0,0,0,0,1
com.ctrip.framework.apollo.openapi.service,com.ctrip.framework.apollo.openapi.service.ConsumerRolePermissionServiceTest,com.ctrip.framework.apollo.openapi.service.ConsumerRolePermissionServiceTest,25,1,1,0,0,1,False,0,1,0,0,0,0,1
com.ctrip.framework.apollo.openapi.service,com.ctrip.framework.apollo.openapi.service.ConsumerService,com.ctrip.framework.apollo.openapi.service.ConsumerService,89,2,1,1,1,1,False,0,1,0,0,0,0,1
com.ctrip.framework.apollo.openapi.service,com.ctrip.framework.apollo.openapi.service.ConsumerRolePermissionService,com.ctrip.framework.apollo.openapi.service.ConsumerRolePermissionService,31,4,1,3,2,2,False,0,5,0,0,0,0,1
com.ctrip.framework.apollo.openapi.service,com.ctrip.framework.apollo.openapi.service.ConsumerServiceTest,com.ctrip.framework.apollo.openapi.service.ConsumerServiceTest,136,2,1,1,0,2,False,0,2,0,0,0,0,1
com.ctrip.framework.apollo.openapi.util,com.ctrip.framework.apollo.openapi.util.ConsumerAuditUtil,com.ctrip.framework.apollo.openapi.util.ConsumerAuditUtil,83,1,1,0,1,0,False,0,0,0,0,0,0,1
com.ctrip.framework.apollo.openapi.util,com.ctrip.framework.apollo.openapi.util.OpenApiBeanUtils,com.ctrip.framework.apollo.openapi.util.OpenApiBeanUtils,90,3,0,3,1,2,False,0,4,0,0,0,0,0
com.ctrip.framework.apollo.openapi.util,com.ctrip.framework.apollo.openapi.util.ConsumerAuthUtilTest,com.ctrip.framework.apollo.openapi.util.ConsumerAuthUtilTest,56,1,1,0,0,1,False,0,1,0,0,0,0,1
com.ctrip.framework.apollo.openapi.util,com.ctrip.framework.apollo.openapi.util.ConsumerAuthUtil,com.ctrip.framework.apollo.openapi.util.ConsumerAuthUtil,27,2,1,1,2,0,False,0,0,0,0,0,0,1
com.ctrip.framework.apollo.openapi.util,com.ctrip.framework.apollo.openapi.util.ConsumerAuditUtilTest,com.ctrip.framework.apollo.openapi.util.ConsumerAuditUtilTest,55,2,1,1,0,2,False,0,4,0,0,0,0,1
com.ctrip.framework.apollo.openapi.v1.controller,com.ctrip.framework.apollo.openapi.v1.controller.NamespaceController,com.ctrip.framework.apollo.openapi.v1.controller.NamespaceController,52,4,0,4,0,4,False,0,4,0,0,0,0,1
com.ctrip.framework.apollo.openapi.v1.controller,com.ctrip.framework.apollo.openapi.v1.controller.ItemController,com.ctrip.framework.apollo.openapi.v1.controller.ItemController,94,2,0,2,0,2,False,0,4,0,0,0,1,1
com.ctrip.framework.apollo.openapi.v1.controller,com.ctrip.framework.apollo.openapi.v1.controller.ReleaseController,com.ctrip.framework.apollo.openapi.v1.controller.ReleaseController,61,2,0,2,0,2,False,0,2,0,0,0,0,1
com.ctrip.framework.apollo.openapi.v1.controller,com.ctrip.framework.apollo.openapi.v1.controller.AppController,com.ctrip.framework.apollo.openapi.v1.controller.AppController,27,4,0,4,0,4,False,0,5,0,0,0,0,1
com.ctrip.framework.apollo.portal,com.ctrip.framework.apollo.portal.AbstractIntegrationTest,com.ctrip.framework.apollo.portal.AbstractIntegrationTest,22,0,0,0,0,0,False,0,0,0,0,0,0,2
com.ctrip.framework.apollo.portal,com.ctrip.framework.apollo.portal.ServiceExceptionTest,com.ctrip.framework.apollo.portal.ServiceExceptionTest,68,1,0,1,0,1,False,0,6,0,0,0,0,2
com.ctrip.framework.apollo.portal,com.ctrip.framework.apollo.portal.RetryableRestTemplateTest,com.ctrip.framework.apollo.portal.RetryableRestTemplateTest,141,1,0,1,0,1,False,0,1,0,0,0,0,2
com.ctrip.framework.apollo.portal,com.ctrip.framework.apollo.portal.PortalApplication,com.ctrip.framework.apollo.portal.PortalApplication,24,0,0,0,0,0,False,0,0,0,0,0,0,0
com.ctrip.framework.apollo.portal.components,com.ctrip.framework.apollo.portal.components.ItemsComparator,com.ctrip.framework.apollo.portal.components.ItemsComparator,74,1,0,1,0,1,False,0,6,0,0,0,0,2
com.ctrip.framework.apollo.portal.components,com.ctrip.framework.apollo.portal.components.PortalSettings,com.ctrip.framework.apollo.portal.components.PortalSettings,73,4,0,4,4,0,False,0,0,0,0,0,0,1
com.ctrip.framework.apollo.portal.components,com.ctrip.framework.apollo.portal.components.RestTemplateFactory,com.ctrip.framework.apollo.portal.components.RestTemplateFactory,77,1,0,1,0,1,False,0,1,0,0,0,0,2
com.ctrip.framework.apollo.portal.components,com.ctrip.framework.apollo.portal.components.RetryableRestTemplate,com.ctrip.framework.apollo.portal.components.RetryableRestTemplate,78,1,0,1,0,1,False,0,8,3,0,0,0,2
com.ctrip.framework.apollo.portal.components,com.ctrip.framework.apollo.portal.components.AdminServiceAddressLocator,com.ctrip.framework.apollo.portal.components.AdminServiceAddressLocator,51,1,1,0,0,1,False,0,1,0,0,0,0,1
com.ctrip.framework.apollo.portal.components,com.ctrip.framework.apollo.portal.components.PermissionValidator,com.ctrip.framework.apollo.portal.components.PermissionValidator,44,2,0,2,0,2,False,0,3,0,0,0,0,1
com.ctrip.framework.apollo.portal.components.emailbuilder,com.ctrip.framework.apollo.portal.components.emailbuilder.ConfigPublishEmailBuilder,com.ctrip.framework.apollo.portal.components.emailbuilder.ConfigPublishEmailBuilder,210,2,0,2,0,2,False,0,9,0,0,0,0,2
com.ctrip.framework.apollo.portal.components.emailbuilder,com.ctrip.framework.apollo.portal.components.emailbuilder.NormalPublishEmailBuilder,com.ctrip.framework.apollo.portal.components.emailbuilder.NormalPublishEmailBuilder,21,1,1,0,0,1,True,0,2,0,0,0,0,4
com.ctrip.framework.apollo.portal.components.emailbuilder,com.ctrip.framework.apollo.portal.components.emailbuilder.GrayPublishEmailBuilder,com.ctrip.framework.apollo.portal.components.emailbuilder.GrayPublishEmailBuilder,36,2,0,2,0,2,False,0,3,0,0,0,0,2
com.ctrip.framework.apollo.portal.components.emailbuilder,com.ctrip.framework.apollo.portal.components.emailbuilder.MergeEmailBuilder,com.ctrip.framework.apollo.portal.components.emailbuilder.MergeEmailBuilder,21,1,1,0,0,1,True,0,2,0,0,0,0,4
com.ctrip.framework.apollo.portal.components.emailbuilder,com.ctrip.framework.apollo.portal.components.emailbuilder.RollbackEmailBuilder,com.ctrip.framework.apollo.portal.components.emailbuilder.RollbackEmailBuilder,21,1,1,0,0,1,True,0,2,0,0,0,0,4
