module_name,scoh,scop,odd,idd,DSM,class_name,c_chm,c_chd,CBC,IDCC,IODD,IIDD,EDCC,c_FAN_IN,c_FAN_OUT,NAC,NDC,NOP,NOI,NOID,RFC,NOSI,CTM,NOM,NOVM,CIS,privateMethodsQty,protectedMethodsQty,staticMethodsQty,defaultMethodsQty,abstractMethodsQty,finalMethodsQty,synchronizedMethodsQty,TCC,LCC,LCOM,LCOM*,WMC,c_variablesQty,NOF,publicFieldsQty,privateFieldsQty,protectedFieldsQty,staticFieldsQty,defaultFieldsQty,finalFieldsQty,synchronizedFieldsQty,c_modifiers
com.networknt.audit,0.25,0.2173,0.0794,0.0,4,com.networknt.audit.AuditConfig,0.5875,0.2646,4,3,0,3,1,3,1,1,0,0,0,0,8,1,2,16,12,0,4,0,1,12,0,0,0,0.8333333333333334,0.8333333333333334,102,0.9044117647058824,16,17,17,0,16,0,8,1,9,0,0
com.networknt.audit,0.25,0.2173,0.0794,0.0,4,com.networknt.audit.AuditHandler,0.6389,0.2648,6,2,1,1,4,1,5,1,0,0,2,0,17,4,15,9,7,6,2,1,0,0,0,0,0,1.0,1.0,0,0.8148148148148149,9,9,9,2,2,0,7,5,7,0,1
com.networknt.audit,0.25,0.2173,0.0794,0.0,4,com.networknt.audit.AuditHandlerTest,0.9167,0.3194,6,2,2,0,4,0,6,1,0,0,0,0,13,3,11,12,11,10,1,0,3,1,0,0,0,1.0,1.0,48,0.8333333333333334,12,6,6,0,0,0,2,3,1,0,1
com.networknt.audit,0.25,0.2173,0.0794,0.0,4,com.networknt.audit.AuditConfigTest,0.8333,0.3056,2,1,1,0,1,0,2,1,0,0,0,0,13,2,12,6,5,5,1,0,0,0,0,0,0,0.0,0.0,15,0,6,0,0,0,0,0,0,0,0,0,1
com.networknt,0.25,0.1667,0.0317,0.0,2,com.networknt.HttpClientUtils,0.6000,0.3600,1,1,0,1,0,1,0,1,0,0,0,0,2,0,0,5,4,4,1,0,4,0,0,0,0,0.0,0.0,10,0,5,0,0,0,0,0,0,0,0,0,1
com.networknt,0.25,0.1667,0.0317,0.0,2,com.networknt.EncodeDecodeHandlerTest,1.0000,0.3333,3,1,1,0,2,0,3,1,0,0,0,0,5,2,4,5,5,5,0,0,2,0,0,0,0,0.3,0.3,8,0.7333333333333334,5,3,3,0,0,0,3,3,1,0,1
com.networknt.balance,0.0278,0.0833,0.0159,0.0,6,com.networknt.balance.ConsitentHashLoadBalanceTest,1.0000,1.0000,0,0,0,0,0,0,0,1,0,0,0,0,0,0,0,1,1,1,0,0,0,0,0,0,0,1,1,0,1.0,1,1,1,0,0,0,0,1,0,0,1
com.networknt.balance,0.0278,0.0833,0.0159,0.0,6,com.networknt.balance.RoundRobinLoadBalance,0.3333,0.1333,1,1,0,1,0,1,0,1,1,0,0,0,3,0,1,4,3,2,1,1,0,0,0,0,0,1.0,1.0,6,0.75,4,2,2,0,1,0,1,1,0,0,1
com.networknt.balance,0.0278,0.0833,0.0159,0.0,6,com.networknt.balance.RoundRobinLoadBalanceTest,1.0000,0.3333,1,0,0,0,1,0,1,1,0,0,0,0,3,1,3,3,3,3,0,0,0,0,0,0,0,1.0,1.0,1,0.3333333333333333,3,1,1,0,0,0,0,1,0,0,1
com.networknt.balance,0.0278,0.0833,0.0159,0.0,6,com.networknt.balance.ConsistentHashLoadBalance,0.5833,0.2500,0,0,0,0,0,0,0,1,0,0,0,0,3,0,1,4,2,2,2,0,0,0,0,0,0,1.0,1.0,6,0.75,4,1,1,0,0,0,1,1,0,0,1
com.networknt.balance,0.0278,0.0833,0.0159,0.0,6,com.networknt.balance.LocalFirstLoadBalanceTest,1.0000,0.3333,1,0,0,0,1,0,1,1,0,0,0,0,2,1,2,3,3,3,0,0,0,0,0,0,0,1.0,1.0,0,0.0,3,1,1,0,0,0,0,1,0,0,1
com.networknt.balance,0.0278,0.0833,0.0159,0.0,6,com.networknt.balance.LocalFirstLoadBalance,0.2500,0.1000,1,1,1,0,0,0,1,2,0,0,0,1,4,0,2,4,3,3,1,0,1,0,0,0,0,1.0,1.0,4,0.625,4,2,2,0,0,0,2,2,0,0,1
com.networknt.basicauth,0.1875,0.1217,0.0794,0.0,4,com.networknt.basicauth.BasicAuthConfig,0.5833,0.2556,3,2,0,2,1,2,1,1,0,0,0,0,1,1,1,4,4,4,0,0,0,0,0,0,0,1.0,1.0,6,0.75,4,2,2,0,0,0,0,2,0,0,1
com.networknt.basicauth,0.1875,0.1217,0.0794,0.0,4,com.networknt.basicauth.BasicAuthConfigTest,1.0000,1.0000,1,1,1,0,0,0,1,1,0,0,0,0,1,0,1,1,1,1,0,0,0,0,0,0,0,1,1,0,0.3333333333333333,1,3,3,0,0,0,3,3,3,0,1
com.networknt.basicauth,0.1875,0.1217,0.0794,0.0,4,com.networknt.basicauth.BasicAuthHandlerTest,0.7803,0.2977,3,1,1,0,2,0,3,1,0,0,0,0,7,1,4,12,10,9,2,0,5,1,0,0,0,1.0,1.0,0,0.5833333333333333,12,2,2,0,0,0,2,2,1,0,1
com.networknt.basicauth,0.1875,0.1217,0.0794,0.0,4,com.networknt.basicauth.BasicAuthHandler,0.5333,0.2356,5,2,1,1,3,1,4,1,0,0,0,0,7,3,7,6,6,6,0,0,0,0,0,0,0,1.0,1.0,11,0.7857142857142857,6,7,7,0,1,0,6,6,6,0,1
com.networknt.body,0.16,0.1021,0.0635,0.0159,5,com.networknt.body.BodyHandler,0.5333,0.2356,8,3,2,1,5,2,6,1,0,0,3,0,9,5,9,6,6,6,0,0,0,0,0,0,0,1.0,1.0,11,0.7777777777777778,6,6,6,3,1,0,5,2,5,0,1
com.networknt.body,0.16,0.1021,0.0635,0.0159,5,com.networknt.body.BodyConfig,0.5000,0.2333,1,1,0,1,0,1,0,1,0,0,0,0,0,0,0,3,3,3,0,0,0,0,0,0,0,1.0,1.0,3,0.6666666666666666,3,1,1,0,0,0,0,1,0,0,1
com.networknt.body,0.16,0.1021,0.0635,0.0159,5,com.networknt.body.BodyHandlerTest,0.9286,0.3214,3,1,1,0,2,0,3,1,0,0,0,0,5,1,4,14,14,13,0,0,3,1,0,0,0,1.0,1.0,0,0.5,14,2,2,0,0,0,2,2,1,0,1
com.networknt.body,0.16,0.1021,0.0635,0.0159,5,com.networknt.body.BodyConverter,1.0000,1.0000,2,2,0,2,0,2,0,1,0,0,0,0,0,0,0,1,1,0,0,0,1,1,0,0,0,1,1,0,0,1,0,0,0,0,0,0,0,0,0,1
com.networknt.body,0.16,0.1021,0.0635,0.0159,5,com.networknt.body.BodyConverterTest,1.0000,0.3333,1,1,1,0,0,0,1,1,0,0,0,0,1,1,1,3,3,3,0,0,0,0,0,0,0,0.0,0.0,3,0,3,0,0,0,0,0,0,0,0,0,1
com.networknt.client,0.04,0.0429,0.0317,0.0,5,com.networknt.client.Http2ClientIT,0.6017,0.2518,1,0,0,0,1,0,1,1,0,0,0,0,11,1,2,25,17,14,8,0,14,3,0,0,0,1.0,1.0,190,0.9176470588235295,25,17,17,6,8,0,17,3,14,0,1
com.networknt.client,0.04,0.0429,0.0317,0.0,5,com.networknt.client.Http2ClientTest,0.6649,0.2661,4,1,1,0,3,0,4,1,0,0,0,0,17,3,6,34,25,22,9,0,15,3,0,0,0,1.0,1.0,363,0.9273356401384083,34,17,17,6,8,0,17,3,14,0,1
com.networknt.client,0.04,0.0429,0.0317,0.0,5,com.networknt.client.DefaultAsyncResult,0.5556,0.2556,0,0,0,0,0,0,0,1,0,0,0,0,0,0,0,9,9,9,0,0,4,0,0,0,0,0.5833333333333334,0.5833333333333334,24,0.7222222222222222,9,2,2,0,2,0,0,0,0,0,1
com.networknt.client,0.04,0.0429,0.0317,0.0,5,com.networknt.client.Http2Client,-1.0000,-1.0000,0,0,0,0,0,0,0,1,0,0,33,0,0,0,0,0,0,0,0,0,0,0,0,0,0,-1,-1,0,0,0,23,23,8,1,0,22,14,16,0,1
com.networknt.client,0.04,0.0429,0.0317,0.0,5,com.networknt.client.AsyncResponse,0.5714,0.2476,1,1,0,1,0,1,0,1,0,0,0,0,0,0,0,7,7,7,0,0,0,0,0,0,0,0.7142857142857143,0.7142857142857143,21,0.8571428571428571,7,3,3,0,0,0,0,3,0,0,1
sandbox,0.0,0.1667,0.0317,0.0,1,sandbox.SendToLocalInfluxDB,0.2500,0.2000,7,0,0,0,7,0,7,1,0,0,0,0,23,3,21,4,1,1,3,0,3,0,0,0,0,1,1,6,0,4,0,0,0,0,0,0,0,0,0,0
com.networknt.monad,0.2222,0.0611,0.0159,0.0159,3,com.networknt.monad.Success,0.5000,0.2000,2,1,0,1,1,2,0,1,0,0,1,0,0,0,0,7,6,5,1,0,2,1,0,0,0,1.0,1.0,19,0.8571428571428572,7,3,3,2,1,0,2,0,3,0,0
com.networknt.monad,0.2222,0.0611,0.0159,0.0159,3,com.networknt.monad.Failure,0.5000,0.2000,3,1,0,1,2,2,1,1,0,0,2,0,1,0,1,6,5,5,1,0,1,0,0,0,0,0.3,0.3,13,0.6666666666666666,6,1,1,0,1,0,0,0,1,0,0
com.networknt.monad,0.2222,0.0611,0.0159,0.0159,3,com.networknt.monad.ResultTest,1.0000,1.0000,2,2,2,0,0,0,2,1,0,0,0,0,4,2,4,1,1,1,0,0,0,0,0,0,0,1,1,0,0,1,0,0,0,0,0,0,0,0,0,1
com.networknt.metrics.prometheus,0.125,0.0461,0.0476,0.0,4,com.networknt.metrics.prometheus.PrometheusGetHandler,0.5000,0.2500,0,0,0,0,0,0,0,1,0,0,0,0,0,0,0,2,2,2,0,0,0,0,0,0,0,0.0,0.0,1,0.5,2,2,2,0,0,0,2,2,1,0,1
com.networknt.metrics.prometheus,0.125,0.0461,0.0476,0.0,4,com.networknt.metrics.prometheus.PrometheusHandlerTest,0.7500,0.2917,1,1,1,0,0,0,1,1,0,0,0,0,2,0,1,4,4,3,0,0,3,1,0,0,0,1.0,1.0,0,0.5,4,2,2,0,0,0,2,2,1,0,1
com.networknt.metrics.prometheus,0.125,0.0461,0.0476,0.0,4,com.networknt.metrics.prometheus.PrometheusConfig,0.5500,0.2433,1,1,0,1,0,1,0,1,0,0,0,0,0,0,0,5,5,5,0,0,0,0,0,0,0,0.6,0.6,10,0.8,5,2,2,0,0,0,0,1,0,0,1
com.networknt.metrics.prometheus,0.125,0.0461,0.0476,0.0,4,com.networknt.metrics.prometheus.PrometheusHandler,0.5333,0.2322,5,2,1,1,3,1,4,1,0,0,0,0,7,3,5,10,6,6,4,0,0,0,0,0,0,1.0,1.0,37,0.8846153846153848,10,13,13,8,4,0,9,1,10,0,1
com.networknt.limit,0.2222,0.0615,0.0476,0.0,3,com.networknt.limit.LimitHandlerTest,0.6500,0.2700,1,1,1,0,0,0,1,1,0,0,0,0,2,0,1,5,5,4,0,0,3,1,0,0,0,1.0,1.0,0,0.5,5,2,2,0,0,0,2,2,1,0,1
com.networknt.limit,0.2222,0.0615,0.0476,0.0,3,com.networknt.limit.LimitHandler,0.5333,0.2356,5,2,1,1,3,1,4,1,0,0,0,0,5,3,5,6,6,6,0,0,0,0,0,0,0,1.0,1.0,11,0.75,6,4,4,1,3,0,2,0,2,0,1
com.networknt.limit,0.2222,0.0615,0.0476,0.0,3,com.networknt.limit.LimitConfig,0.5952,0.2619,1,1,0,1,0,1,0,1,0,0,0,0,0,0,0,7,7,7,0,0,0,0,0,0,0,1.0,1.0,21,0.8571428571428571,7,3,3,0,0,0,0,3,0,0,1
com.networknt.client.oauth,0.1181,0.0881,0.0476,0.0317,12,com.networknt.client.oauth.Jwt,0.6581,0.2870,2,1,0,1,1,1,1,1,0,0,1,0,2,1,2,17,17,17,0,0,6,0,0,0,0,1.0,1.0,130,0.9285714285714287,17,14,14,1,8,0,9,5,6,0,1
com.networknt.client.oauth,0.1181,0.0881,0.0476,0.0317,12,com.networknt.client.oauth.OauthHelper,0.5948,0.2662,15,9,8,1,6,3,12,1,0,0,3,0,46,6,36,18,11,11,7,0,18,0,0,0,0,1.0,1.0,43,0.8641975308641976,18,9,9,1,4,0,9,4,9,0,1
com.networknt.client.oauth,0.1181,0.0881,0.0476,0.0317,12,com.networknt.client.oauth.AuthorizationCodeRequest,0.6000,0.2733,4,3,1,2,1,2,2,2,0,0,0,0,10,1,9,5,5,5,0,0,0,0,0,0,0,1.0,1.0,10,0.8000000000000002,5,3,3,0,0,0,1,3,0,0,1
com.networknt.client.oauth,0.1181,0.0881,0.0476,0.0317,12,com.networknt.client.oauth.OauthHelperTest,0.6364,0.2788,5,5,5,0,0,0,5,1,0,0,0,0,27,4,23,12,8,8,4,0,8,0,0,0,0,0.75,0.75,64,0.8888888888888888,12,3,3,0,0,0,3,3,2,0,1
com.networknt.client.oauth,0.1181,0.0881,0.0476,0.0317,12,com.networknt.client.oauth.ClientCredentialsRequest,1.0000,1.0000,2,1,1,0,1,0,2,2,0,0,0,0,9,1,9,1,1,1,0,0,0,0,0,0,0,1,1,0,0.0,1,1,1,0,0,0,1,1,0,0,1
com.networknt.client.oauth,0.1181,0.0881,0.0476,0.0317,12,com.networknt.client.oauth.SAMLBearerRequest,0.6667,0.3000,2,2,1,1,0,1,1,2,0,0,0,0,5,0,5,3,3,3,0,0,0,0,0,0,0,1.0,1.0,3,0.8666666666666666,3,10,10,0,2,0,8,8,7,0,1
com.networknt.client.oauth,0.1181,0.0881,0.0476,0.0317,12,com.networknt.client.oauth.KeyRequest,0.6288,0.2861,3,2,0,2,1,2,1,1,0,0,1,0,7,1,2,12,12,12,0,0,0,0,0,0,0,1.0,1.0,66,0.9166666666666665,12,12,12,6,0,0,7,6,0,0,1
com.networknt.client.oauth,0.1181,0.0881,0.0476,0.0317,12,com.networknt.client.oauth.RefreshTokenRequest,0.5000,0.2333,3,2,1,1,1,1,2,2,0,0,0,0,9,1,9,3,3,3,0,0,0,0,0,0,0,1.0,1.0,3,0.6666666666666666,3,2,2,0,0,0,1,2,0,0,1
com.networknt.client.oauth,0.1181,0.0881,0.0476,0.0317,12,com.networknt.client.oauth.TokenResponseTest,1.0000,0.3333,1,0,0,0,1,0,1,1,0,0,0,0,2,1,2,4,4,4,0,0,0,0,0,0,0,0.0,0.0,6,0,4,0,0,0,0,0,0,0,0,0,1
com.networknt.client.oauth,0.1181,0.0881,0.0476,0.0317,12,com.networknt.client.oauth.DerefRequest,0.6455,0.2842,3,2,0,2,1,2,1,1,0,0,1,0,7,1,2,11,11,11,0,0,0,0,0,0,0,1.0,1.0,55,0.9090909090909088,11,12,12,6,0,0,7,6,0,0,1
com.networknt.client.oauth,0.1181,0.0881,0.0476,0.0317,12,com.networknt.client.oauth.TokenRequest,0.6801,0.3002,6,6,0,6,0,6,0,1,4,0,0,0,0,0,0,17,17,17,0,0,0,0,0,0,0,1.0,1.0,136,0.9775910364145659,17,21,21,13,0,0,13,8,0,0,1
com.networknt.client.oauth,0.1181,0.0881,0.0476,0.0317,12,com.networknt.client.oauth.TokenResponse,0.7042,0.3196,2,1,0,1,1,1,1,2,0,0,0,1,1,0,1,16,16,16,0,0,0,0,0,0,0,1.0,1.0,106,0.875,16,7,7,0,7,0,0,0,0,0,1
com.networknt.registry,0.25,0.4375,0.0,0.0794,2,com.networknt.registry.URLTest,1.0000,0.3333,1,1,1,0,0,0,1,1,0,0,0,0,8,1,8,3,3,3,0,0,0,0,0,0,0,0.0,0.0,3,0,3,0,0,0,0,0,0,0,0,0,1
com.networknt.registry,0.25,0.4375,0.0,0.0794,2,com.networknt.registry.URLImpl,0.6116,0.2821,7,1,0,1,6,7,0,1,0,0,15,0,16,0,3,41,39,39,2,0,2,0,0,0,0,1.0,1.0,630,0.8606271777003485,41,7,7,0,7,0,1,0,1,0,1
com.networknt.registry.support,0.2222,0.3175,0.0317,0.0476,3,com.networknt.registry.support.DirectRegistry,0.4444,0.2815,2,1,1,0,1,0,2,2,0,0,0,7,7,1,5,9,8,1,1,7,0,0,0,0,0,1.0,1.0,32,0.8148148148148148,9,3,3,0,3,0,1,0,1,0,1
com.networknt.registry.support,0.2222,0.3175,0.0317,0.0476,3,com.networknt.registry.support.AbstractRegistry,0.4711,0.2661,7,2,0,2,5,6,1,1,2,0,0,0,17,2,7,20,19,9,1,8,0,2,7,0,0,1.0,1.0,112,0.72,20,5,5,0,4,1,1,0,1,0,1024
com.networknt.registry.support,0.2222,0.3175,0.0317,0.0476,3,com.networknt.registry.support.FailbackRegistry,0.7333,0.2856,2,1,1,0,1,1,1,2,1,0,1,5,12,0,9,10,6,6,4,0,0,0,0,0,0,1.0,1.0,25,0.8,10,10,10,0,10,0,6,0,5,0,0
com.networknt.registry.support.command,0.125,0.2381,0.0317,0.0317,4,com.networknt.registry.support.command.CommandServiceManager,0.5714,0.2679,2,1,1,0,1,0,2,1,0,0,0,0,14,0,13,8,5,5,3,0,0,0,0,0,0,1.0,1.0,6,0.734375,8,8,8,1,7,0,4,0,4,0,1
com.networknt.registry.support.command,0.125,0.2381,0.0317,0.0317,4,com.networknt.registry.support.command.CommandFailbackRegistry,0.3333,0.1889,5,1,1,0,4,2,3,2,2,0,2,0,11,0,6,9,8,2,1,6,0,0,3,0,0,1.0,1.0,14,0.5555555555555556,9,2,2,0,2,0,1,0,1,0,0
com.networknt.registry.support.command,0.125,0.2381,0.0317,0.0317,4,com.networknt.registry.support.command.RpcCommand,0.6667,0.2778,0,0,0,0,0,0,0,1,0,0,0,0,0,0,0,3,3,3,0,0,0,0,0,0,0,1.0,1.0,1,0.3333333333333333,3,1,1,0,1,0,0,0,0,0,1
com.networknt.registry.support.command,0.125,0.2381,0.0317,0.0317,4,com.networknt.registry.support.command.DirectRegistryTest,1.0000,1.0000,1,0,0,0,1,0,1,1,0,0,0,0,2,1,2,1,1,1,0,0,0,0,0,0,0,1,1,0,0,1,0,0,0,0,0,0,0,0,0,1
com.networknt.client.ssl,0.102,0.1272,0.0317,0.0317,7,com.networknt.client.ssl.APINameChecker,0.6667,0.5000,3,2,0,2,1,2,1,1,0,0,0,0,2,0,1,4,4,4,0,0,4,0,0,0,0,0.0,0.0,6,0.75,4,2,2,0,2,0,2,0,2,0,1
com.networknt.client.ssl,0.102,0.1272,0.0317,0.0317,7,com.networknt.client.ssl.ClientX509ExtendedTrustManager,0.7885,0.3731,4,3,3,0,1,1,3,1,0,0,2,0,8,2,4,13,9,9,4,0,1,0,0,0,0,1.0,1.0,28,0.6410256410256411,13,3,3,0,3,0,0,0,3,0,1
com.networknt.client.ssl,0.102,0.1272,0.0317,0.0317,7,com.networknt.client.ssl.TLSConfigTest,1.0000,0.3333,1,1,1,0,0,0,1,1,0,0,0,0,3,1,3,6,6,6,0,0,1,0,0,0,0,1.0,1.0,0,0.5833333333333334,6,4,4,0,4,0,4,0,4,0,1
com.networknt.client.ssl,0.102,0.1272,0.0317,0.0317,7,com.networknt.client.ssl.TLSConfig,0.5778,0.2689,4,2,0,2,2,3,1,1,0,0,2,0,6,2,2,10,7,7,3,0,6,0,0,0,0,0.7142857142857143,0.7142857142857143,41,0.9111111111111112,10,9,9,4,5,0,6,0,9,0,1
com.networknt.client.ssl,0.102,0.1272,0.0317,0.0317,7,com.networknt.client.ssl.APINameCheckerTest,1.0000,0.3333,1,1,1,0,0,0,1,1,0,0,0,0,2,2,2,5,5,5,0,0,0,0,0,0,0,1.0,1.0,2,0.6,5,3,3,0,3,0,3,0,3,0,1
com.networknt.client.ssl,0.102,0.1272,0.0317,0.0317,7,com.networknt.client.ssl.Light4jALPNClientSelector,1.0000,1.0000,2,0,0,0,2,2,0,1,0,0,2,0,0,0,0,1,1,1,0,0,1,0,0,0,0,1,1,0,0,1,0,0,0,0,0,0,0,0,0,1
com.networknt.client.ssl,0.102,0.1272,0.0317,0.0317,7,com.networknt.client.ssl.SSLUtils,1.0000,1.0000,1,1,0,1,0,1,0,1,0,0,0,0,0,0,0,1,1,1,0,0,1,0,0,0,0,1,1,0,0.0,1,1,1,0,1,0,1,0,1,0,1
io.undertow.client.http,0.0,0.0714,0.0159,0.0,2,io.undertow.client.http.Light4jHttpClientProvider,0.4509,0.3110,1,0,0,0,1,0,1,1,0,0,1,0,3,1,1,8,5,5,3,0,0,0,0,0,0,1.0,1.0,22,0.75,8,2,2,2,0,0,2,0,2,0,1
io.undertow.client.http,0.0,0.0714,0.0159,0.0,2,io.undertow.client.http.Light4jHttp2ClientProvider,0.3583,0.2381,1,0,0,0,1,0,1,1,0,0,1,0,4,1,1,10,10,6,0,4,2,0,0,0,0,1.0,1.0,43,0.9,10,3,3,2,1,0,3,0,3,0,1
com.networknt.resource,0.0247,0.0159,0.0159,0.0,9,com.networknt.resource.VirtualHostHandler,0.5000,0.2500,2,1,1,0,1,0,2,1,0,0,0,0,6,1,6,2,2,2,0,0,0,0,0,0,0,1.0,1.0,0,0.0,2,1,1,0,0,0,0,1,0,0,1
com.networknt.resource,0.0247,0.0159,0.0159,0.0,9,com.networknt.resource.VirtualHost,0.6182,0.2679,1,1,0,1,0,1,0,1,0,0,0,0,0,0,0,11,11,11,0,0,0,0,0,0,0,0.8181818181818182,0.8181818181818182,55,0.909090909090909,11,5,5,0,0,0,0,5,0,0,1
com.networknt.resource,0.0247,0.0159,0.0159,0.0,9,com.networknt.resource.ResourceHelpers,0.5000,0.2333,0,0,0,0,0,0,0,1,0,0,0,0,4,0,4,3,3,3,0,0,3,0,0,0,0,0.0,0.0,3,0,3,0,0,0,0,0,0,0,0,0,1
com.networknt.resource,0.0247,0.0159,0.0159,0.0,9,com.networknt.resource.PathResourceHandler,0.5000,0.2500,2,1,1,0,1,0,2,1,0,0,0,0,7,1,7,2,2,2,0,0,0,0,0,0,0,1.0,1.0,1,0.5,2,1,1,0,0,0,0,1,0,0,1
com.networknt.resource,0.0247,0.0159,0.0159,0.0,9,com.networknt.resource.PathResourceConfigTest,1.0000,1.0000,1,0,0,0,1,0,1,1,0,0,0,0,2,1,2,1,1,1,0,0,0,0,0,0,0,1,1,0,0,1,0,0,0,0,0,0,0,0,0,1
com.networknt.resource,0.0247,0.0159,0.0159,0.0,9,com.networknt.resource.VirtualHostConfigTest,1.0000,1.0000,1,0,0,0,1,0,1,1,0,0,0,0,2,1,2,1,1,1,0,0,0,0,0,0,0,1,1,0,0,1,0,0,0,0,0,0,0,0,0,1
com.networknt.resource,0.0247,0.0159,0.0159,0.0,9,com.networknt.resource.VirtualHostConfig,0.5000,0.2333,0,0,0,0,0,0,0,1,0,0,0,0,0,0,0,3,3,3,0,0,0,0,0,0,0,0.3333333333333333,0.3333333333333333,3,0.8333333333333333,3,2,2,1,0,0,1,1,1,0,1
com.networknt.resource,0.0247,0.0159,0.0159,0.0,9,com.networknt.resource.PathResourceConfigHandlerTest,1.0000,0.3333,0,0,0,0,0,0,0,1,0,0,0,0,0,0,0,4,4,4,0,0,2,0,0,0,0,1.0,1.0,0,0.375,4,2,2,0,0,0,2,2,1,0,1
com.networknt.resource,0.0247,0.0159,0.0159,0.0,9,com.networknt.resource.PathResourceConfig,0.6091,0.2624,1,1,0,1,0,1,0,1,0,0,0,0,0,0,0,11,11,11,0,0,0,0,0,0,0,0.8181818181818182,0.8181818181818182,55,0.9242424242424242,11,6,6,1,0,0,1,5,1,0,1
org.apache.hc.client5.http.psl.copied,0.25,0.1833,0.0159,0.0159,2,org.apache.hc.client5.http.psl.copied.PublicSuffixMatcher,0.6556,0.3489,3,1,1,0,2,1,2,1,0,0,1,0,9,1,4,10,7,7,3,0,1,0,0,0,0,0.14285714285714285,0.14285714285714285,41,0.8,10,2,2,0,2,0,0,0,2,0,0
org.apache.hc.client5.http.psl.copied,0.25,0.1833,0.0159,0.0159,2,org.apache.hc.client5.http.psl.copied.PublicSuffixList,0.6000,0.3100,2,1,0,1,1,1,1,1,0,0,0,0,1,1,1,5,5,5,0,0,0,0,0,0,0,0.3,0.3,10,0.8000000000000002,5,3,3,0,3,0,0,0,3,0,0
org.apache.hc.client5.http.ssl.copied,0.2222,0.4849,0.0635,0.0159,3,org.apache.hc.client5.http.ssl.copied.DefaultHostnameVerifier,0.6078,0.2941,6,2,2,0,4,1,5,1,0,0,1,0,21,3,9,18,17,4,1,0,14,13,0,0,0,0.11029411764705882,0.11029411764705882,153,0.9444444444444444,18,2,2,0,2,0,0,0,2,0,0
org.apache.hc.client5.http.ssl.copied,0.2222,0.4849,0.0635,0.0159,3,org.apache.hc.client5.http.ssl.copied.SubjectName,0.5667,0.2400,2,1,0,1,1,1,1,1,0,0,0,0,2,2,2,6,6,3,0,0,2,3,0,0,0,1.0,1.0,13,0.7916666666666667,6,4,4,0,2,0,2,2,4,0,16
org.apache.hc.client5.http.ssl.copied,0.2222,0.4849,0.0635,0.0159,3,org.apache.hc.client5.http.ssl.copied.DistinguishedNameParser,0.5667,0.2733,4,1,0,1,3,1,3,1,0,0,0,0,12,0,8,6,3,0,3,0,0,3,0,0,0,1.0,1.0,3,0.7500000000000001,6,4,4,1,3,0,3,0,4,0,16
com.networknt.sanitizer,0.2222,0.1067,0.0635,0.0,3,com.networknt.sanitizer.SanitizerHandlerTest,0.8750,0.3125,3,1,1,0,2,0,3,1,0,0,0,0,6,1,5,8,8,7,0,0,3,1,0,0,0,1.0,1.0,8,0.625,8,2,2,0,0,0,2,2,1,0,1
com.networknt.sanitizer,0.2222,0.1067,0.0635,0.0,3,com.networknt.sanitizer.SanitizerHandler,0.6071,0.2571,5,2,1,1,3,1,4,1,0,0,0,0,9,3,7,8,8,8,0,0,0,0,0,0,0,0.5357142857142857,0.5357142857142857,24,0.84375,8,4,4,1,1,0,3,2,2,0,1
com.networknt.sanitizer,0.2222,0.1067,0.0635,0.0,3,com.networknt.sanitizer.SanitizerConfig,0.6429,0.2905,1,1,0,1,0,1,0,1,0,0,0,0,0,0,0,7,7,7,0,0,0,0,0,0,0,0.7142857142857143,0.7142857142857143,21,0.8571428571428571,7,3,3,0,0,0,0,3,0,0,1
com.networknt.security.inbound,0.0,0.0,0.0,0.0,3,com.networknt.security.inbound.VerificationException,1.0000,1.0000,0,0,0,0,0,0,0,1,0,0,0,0,0,0,0,2,2,2,0,0,0,0,0,0,0,0.0,0.0,1,0,2,0,0,0,0,0,0,0,0,0,1
com.networknt.security.inbound,0.0,0.0,0.0,0.0,3,com.networknt.security.inbound.RequestFilterHandler,1.0000,1.0000,0,0,0,0,0,0,0,1,0,0,0,0,0,0,0,1,1,1,0,0,0,0,0,0,0,1,1,0,0,1,0,0,0,0,0,0,0,0,0,1
com.networknt.security.inbound,0.0,0.0,0.0,0.0,3,com.networknt.security.inbound.RoleBasedAuthHandler,1.0000,1.0000,0,0,0,0,0,0,0,1,0,0,0,0,0,0,0,1,1,1,0,0,0,0,0,0,0,1,1,0,0,1,0,0,0,0,0,0,0,0,0,0
com.networknt.security,0.1633,0.0391,0.0317,0.0159,7,com.networknt.security.JwtIssuer,0.5833,0.2500,6,5,1,4,1,4,2,1,0,0,0,0,12,1,11,4,3,3,1,0,4,0,0,0,0,1.0,1.0,0,0.7083333333333334,4,6,6,3,3,0,6,0,4,0,1
com.networknt.security,0.1633,0.0391,0.0317,0.0159,7,com.networknt.security.JwtHelperTest,1.0000,0.3333,4,3,3,0,1,0,4,1,0,0,0,0,7,6,7,3,3,3,0,0,0,0,0,0,0,0.0,0.0,3,0,3,0,0,0,0,0,0,0,0,0,1
com.networknt.security,0.1633,0.0391,0.0317,0.0159,7,com.networknt.security.JwtHelper,0.5000,0.2000,3,1,0,1,2,2,1,1,0,0,1,0,2,1,1,4,4,4,0,0,4,0,0,0,0,0.5,0.5,4,0.9027777777777778,4,18,18,6,3,0,18,9,10,0,1
com.networknt.security,0.1633,0.0391,0.0317,0.0159,7,com.networknt.security.ClaimsUtil,1.0000,0.5000,3,3,1,2,0,2,1,1,0,0,0,0,1,1,1,2,2,2,0,0,2,0,0,0,0,0.0,0.0,1,0,2,0,0,0,0,0,0,0,0,0,1
com.networknt.security,0.1633,0.0391,0.0317,0.0159,7,com.networknt.security.JwtIssuerTest,1.0000,0.3333,2,2,2,0,0,0,2,1,0,0,0,0,3,3,3,13,13,13,0,0,0,0,0,0,0,0.0,0.0,78,0,13,0,0,0,0,0,0,0,0,0,1
com.networknt.security,0.1633,0.0391,0.0317,0.0159,7,com.networknt.security.JwtMockHandler,0.5000,0.2333,2,1,1,0,1,0,2,1,0,0,0,0,5,3,4,3,3,3,0,0,0,0,0,0,0,0.0,0.0,3,1.0,3,1,1,1,0,0,1,0,1,0,1
com.networknt.security,0.1633,0.0391,0.0317,0.0159,7,com.networknt.security.JwtConfig,0.6346,0.2756,1,1,0,1,0,1,0,1,0,0,0,0,0,0,0,13,13,13,0,0,0,0,0,0,0,1.0,1.0,78,0.9230769230769232,13,6,6,0,0,0,0,6,0,0,1
org.apache.hc.core5.http.copied,0.0,0.0,0.0,0.0,1,org.apache.hc.core5.http.copied.Chars,1.0000,1.0000,0,0,0,0,0,0,0,1,0,0,1,0,0,0,0,1,0,0,1,0,0,0,0,0,0,-1,-1,0,1.0,1,4,4,4,0,0,4,0,4,0,0
org.apache.hc.core5.http.message.copied,0.1111,0.2111,0.0159,0.0159,3,org.apache.hc.core5.http.message.copied.BasicNameValuePair,0.6000,0.2600,2,0,0,0,2,0,2,1,0,0,1,0,3,3,3,6,6,6,0,0,0,0,0,0,0,1.0,1.0,0,0.5555555555555555,6,3,3,0,3,0,1,0,3,0,1
org.apache.hc.core5.http.message.copied,0.1111,0.2111,0.0159,0.0159,3,org.apache.hc.core5.http.message.copied.ParserCursor,0.5714,0.2571,2,1,0,1,1,2,0,1,0,0,1,0,0,0,0,7,7,7,0,0,0,0,0,0,0,1.0,1.0,0,0.4761904761904762,7,3,3,0,3,0,0,0,2,0,1
org.apache.hc.core5.http.message.copied,0.1111,0.2111,0.0159,0.0159,3,org.apache.hc.core5.http.message.copied.TokenParser,0.6250,0.2679,3,1,1,0,2,1,2,1,1,0,1,0,10,1,5,8,8,8,0,0,2,0,0,0,0,1.0,1.0,20,0.8214285714285714,8,7,7,7,0,0,7,0,7,0,1
org.apache.hc.core5.net.copied,0.0,0.2667,0.0159,0.0159,1,org.apache.hc.core5.net.copied.InetAddressUtils,0.6786,0.3196,2,0,0,0,2,1,1,1,0,0,1,0,3,1,1,8,7,7,1,0,7,0,0,0,0,1.0,1.0,28,0.8928571428571429,8,7,7,0,7,0,7,0,7,0,1
com.networknt.security.outbound,0.0,0.0,0.0,0.0,1,com.networknt.security.outbound.ResponseFilterHandler,1.0000,1.0000,0,0,0,0,0,0,0,1,0,0,0,0,0,0,0,1,1,1,0,0,0,0,0,0,0,1,1,0,0,1,0,0,0,0,0,0,0,0,0,1
org.apache.hc.core5.util.copied,0.12,0.4,0.0,0.0635,5,org.apache.hc.core5.util.copied.TextUtils,0.6500,0.2900,2,1,0,1,1,2,0,1,0,0,1,0,0,0,0,5,4,4,1,0,4,0,0,0,0,0.0,0.0,10,0,5,0,0,0,0,0,0,0,0,0,0
org.apache.hc.core5.util.copied,0.12,0.4,0.0,0.0635,5,org.apache.hc.core5.util.copied.ByteArrayBuffer,0.6307,0.3035,1,1,1,0,0,0,1,1,0,0,0,0,5,1,2,18,17,17,1,0,0,0,0,0,0,1.0,1.0,0,0.5555555555555556,18,3,3,0,3,0,1,0,1,0,0
org.apache.hc.core5.util.copied,0.12,0.4,0.0,0.0635,5,org.apache.hc.core5.util.copied.Args,0.5731,0.2749,9,3,1,2,6,8,1,1,0,0,6,0,8,3,4,19,15,15,4,0,18,0,0,0,0,0.0,0.0,171,0,19,0,0,0,0,0,0,0,0,0,1
org.apache.hc.core5.util.copied,0.12,0.4,0.0,0.0635,5,org.apache.hc.core5.util.copied.CharArrayBuffer,0.6125,0.3164,2,1,1,0,1,1,1,1,0,0,1,0,6,1,2,27,25,25,2,0,1,0,0,0,0,1.0,1.0,0,0.5802469135802469,27,3,3,0,3,0,1,0,1,0,0
org.apache.hc.core5.util.copied,0.12,0.4,0.0,0.0635,5,org.apache.hc.core5.util.copied.LangUtils,0.6333,0.4133,1,0,0,0,1,1,0,1,0,0,1,0,2,0,0,6,5,5,1,0,5,0,0,0,0,1.0,1.0,15,0.9166666666666667,6,2,2,2,0,0,2,0,2,0,0
com.networknt.server,0.0173,0.051,0.0952,0.0,17,com.networknt.server.JsonPathStartupHookProvider,1.0000,0.3333,0,0,0,0,0,0,0,1,0,0,0,0,1,0,0,2,2,1,0,0,1,1,0,0,0,0.0,0.0,1,0,2,0,0,0,0,0,0,0,0,0,1
com.networknt.server,0.0173,0.051,0.0952,0.0,17,com.networknt.server.ServerConfigTest,1.0000,1.0000,2,1,1,0,1,0,2,1,0,0,0,0,3,1,3,1,1,1,0,0,0,0,0,0,0,1,1,0,0.0,1,1,1,1,0,0,1,0,1,0,1
com.networknt.server,0.0173,0.051,0.0952,0.0,17,com.networknt.server.TestMergeStatusConfig,1.0000,0.3333,3,1,1,0,2,0,3,1,0,0,0,0,7,2,5,8,6,6,2,0,0,0,0,0,0,1.0,1.0,0,0.25,8,2,2,0,1,0,0,0,1,0,1
com.networknt.server,0.0173,0.051,0.0952,0.0,17,com.networknt.server.Test1ShutdownHook,1.0000,1.0000,0,0,0,0,0,0,0,1,0,0,0,0,0,0,0,1,1,1,0,0,0,0,0,0,0,1,1,0,0,1,0,0,0,0,0,0,0,0,0,1
com.networknt.server,0.0173,0.051,0.0952,0.0,17,com.networknt.server.ServerTest,1.0000,1.0000,0,0,0,0,0,0,0,1,0,0,0,0,0,0,0,1,1,1,0,0,0,0,0,0,0,1,1,0,0.5714285714285714,1,7,7,1,0,0,7,6,6,0,1
com.networknt.server,0.0173,0.051,0.0952,0.0,17,com.networknt.server.Test1StartupHook,1.0000,1.0000,0,0,0,0,0,0,0,1,0,0,0,0,0,0,0,1,1,1,0,0,0,0,0,0,0,1,1,0,0,1,0,0,0,0,0,0,0,0,0,1
com.networknt.server,0.0173,0.051,0.0952,0.0,17,com.networknt.server.Server,0.5551,0.2561,9,4,1,3,5,3,6,1,0,0,1,0,40,5,26,17,8,5,9,3,17,0,0,0,0,1.0,1.0,0,0.8790849673202616,17,18,18,6,0,1,18,11,10,0,1
com.networknt.server,0.0173,0.051,0.0952,0.0,17,com.networknt.server.Test2MiddlewareHandler,0.5500,0.2433,1,0,0,0,1,0,1,1,0,0,0,0,1,1,1,5,5,5,0,0,0,0,0,0,0,1.0,1.0,8,0.6,5,1,1,0,1,0,0,0,0,0,1
com.networknt.server,0.0173,0.051,0.0952,0.0,17,com.networknt.server.RegistryTest,1.0000,0.3333,2,1,1,0,1,0,2,1,0,0,0,0,5,3,4,5,5,5,0,0,3,0,0,0,0,1.0,1.0,4,0.6,5,3,3,0,0,0,3,3,2,0,1
com.networknt.server,0.0173,0.051,0.0952,0.0,17,com.networknt.server.Test2ShutdownHook,1.0000,1.0000,0,0,0,0,0,0,0,1,0,0,0,0,0,0,0,1,1,1,0,0,0,0,0,0,0,1,1,0,0,1,0,0,0,0,0,0,0,0,0,1
com.networknt.server,0.0173,0.051,0.0952,0.0,17,com.networknt.server.DummyTrustManager,0.3333,0.4667,0,0,0,0,0,0,0,1,0,0,0,0,0,0,0,3,3,3,0,0,0,0,0,0,0,0.0,0.0,3,0,3,0,0,0,0,0,0,0,0,0,1
com.networknt.server,0.0173,0.051,0.0952,0.0,17,com.networknt.server.Test2StartupHook,1.0000,1.0000,0,0,0,0,0,0,0,1,0,0,0,0,0,0,0,1,1,1,0,0,0,0,0,0,0,1,1,0,0,1,0,0,0,0,0,0,0,0,0,1
com.networknt.server,0.0173,0.051,0.0952,0.0,17,com.networknt.server.Test1MiddlewareHandler,0.5500,0.2433,1,0,0,0,1,0,1,1,0,0,0,0,1,1,1,5,5,5,0,0,0,0,0,0,0,0.3,0.3,8,0.8666666666666667,5,3,3,2,1,0,2,0,2,0,1
com.networknt.server,0.0173,0.051,0.0952,0.0,17,com.networknt.server.TestHandler,1.0000,1.0000,0,0,0,0,0,0,0,1,0,0,0,0,0,0,0,1,1,1,0,0,0,0,0,0,0,1,1,0,0,1,0,0,0,0,0,0,0,0,0,1
com.networknt.server,0.0173,0.051,0.0952,0.0,17,com.networknt.server.ServerConfig,0.6477,0.2765,2,2,0,2,0,2,0,1,0,0,0,0,0,0,0,33,33,33,0,0,0,0,0,0,0,0.9393939393939394,0.9393939393939394,528,0.9714795008912652,33,17,17,1,0,0,1,16,1,0,1
com.networknt.server,0.0173,0.051,0.0952,0.0,17,com.networknt.server.TestHandlerProvider,1.0000,1.0000,0,0,0,0,0,0,0,1,0,0,0,0,0,0,0,1,1,1,0,0,0,0,0,0,0,1,1,0,0,1,0,0,0,0,0,0,0,0,0,1
com.networknt.server,0.0173,0.051,0.0952,0.0,17,com.networknt.server.TestServer,0.5500,0.2433,1,1,1,0,0,0,1,1,0,0,0,0,2,2,2,5,4,2,1,2,1,0,0,0,0,1.0,1.0,8,0.8500000000000001,5,4,4,0,3,0,4,1,3,0,1
com.networknt.service,0.0094,0.0052,0.0159,0.0159,31,com.networknt.service.ContactImpl,1.0000,1.0000,0,0,0,0,0,0,0,1,0,0,0,0,0,0,0,1,1,1,0,0,0,0,0,0,0,1,1,0,0,1,0,0,0,0,0,0,0,0,0,1
com.networknt.service,0.0094,0.0052,0.0159,0.0159,31,com.networknt.service.TestServiceUtil,1.0000,0.3333,3,3,3,0,0,0,3,1,0,0,0,0,4,1,4,7,7,7,0,0,0,0,0,0,0,0.0,0.0,21,0,7,0,0,0,0,0,0,0,0,0,1
com.networknt.service,0.0094,0.0052,0.0159,0.0159,31,com.networknt.service.ContactValidator,1.0000,1.0000,0,0,0,0,0,0,0,1,0,0,0,0,1,0,1,1,1,1,0,0,0,0,0,0,0,1,1,0,0,1,0,0,0,0,0,0,0,0,0,1
com.networknt.service,0.0094,0.0052,0.0159,0.0159,31,com.networknt.service.DefaultChannelMapping,0.5000,0.2000,1,1,0,1,0,1,0,1,0,0,0,0,0,0,0,3,3,3,0,0,1,0,0,0,0,0.0,0.0,3,0.6666666666666666,3,1,1,0,1,0,0,0,0,0,1
com.networknt.service,0.0094,0.0052,0.0159,0.0159,31,com.networknt.service.LicenseImpl,1.0000,1.0000,0,0,0,0,0,0,0,1,0,0,0,0,0,0,0,1,1,1,0,0,0,0,0,0,0,1,1,0,0,1,0,0,0,0,0,0,0,0,0,1
com.networknt.service,0.0094,0.0052,0.0159,0.0159,31,com.networknt.service.LicenseValidator,1.0000,1.0000,0,0,0,0,0,0,0,1,0,0,0,0,1,0,1,1,1,1,0,0,0,0,0,0,0,1,1,0,0,1,0,0,0,0,0,0,0,0,0,1
com.networknt.service,0.0094,0.0052,0.0159,0.0159,31,com.networknt.service.DImpl,1.0000,0.5000,0,0,0,0,0,0,0,1,0,0,0,0,0,0,0,2,2,2,0,0,0,0,0,0,0,0.0,0.0,1,0,2,0,0,0,0,0,0,0,0,0,1
com.networknt.service,0.0094,0.0052,0.0159,0.0159,31,com.networknt.service.LImpl,0.6111,0.2822,1,1,0,1,0,1,0,1,0,0,0,0,0,0,0,10,10,10,0,0,0,0,0,0,0,0.6222222222222222,0.6222222222222222,45,0.9,10,4,4,0,0,0,0,4,0,0,1
com.networknt.service,0.0094,0.0052,0.0159,0.0159,31,com.networknt.service.EF1Impl,1.0000,0.5000,0,0,0,0,0,0,0,1,0,0,0,0,0,0,0,2,2,2,0,0,0,0,0,0,0,0.0,0.0,1,0,2,0,0,0,0,0,0,0,0,0,1
com.networknt.service,0.0094,0.0052,0.0159,0.0159,31,com.networknt.service.ServiceConfig,0.5000,0.2333,1,1,0,1,0,1,0,1,0,0,0,0,0,0,0,3,3,3,0,0,0,0,0,0,0,0.0,0.0,3,0.6666666666666666,3,1,1,0,0,0,0,1,0,0,1
com.networknt.service,0.0094,0.0052,0.0159,0.0159,31,com.networknt.service.EF2Impl,1.0000,0.5000,0,0,0,0,0,0,0,1,0,0,0,0,0,0,0,2,2,2,0,0,0,0,0,0,0,0.0,0.0,1,0,2,0,0,0,0,0,0,0,0,0,1
com.networknt.service,0.0094,0.0052,0.0159,0.0159,31,com.networknt.service.ServiceUtil,1.0000,0.5000,2,1,0,1,1,2,0,1,0,0,1,0,2,0,0,3,3,3,0,0,3,0,0,0,0,0.0,0.0,3,0,3,0,0,0,0,0,0,0,0,0,1
com.networknt.service,0.0094,0.0052,0.0159,0.0159,31,com.networknt.service.MImpl,0.5000,0.2000,1,1,0,1,0,1,0,1,0,0,0,0,0,0,0,2,2,2,0,0,0,0,0,0,0,1.0,1.0,0,0.5,2,2,2,0,0,0,0,2,0,0,1
com.networknt.service,0.0094,0.0052,0.0159,0.0159,31,com.networknt.service.GImpl,0.5667,0.2889,1,1,0,1,0,1,0,1,0,0,0,0,0,0,0,6,6,6,0,0,0,0,0,0,0,1.0,1.0,15,0.8333333333333334,6,2,2,0,0,0,0,2,0,0,1
com.networknt.service,0.0094,0.0052,0.0159,0.0159,31,com.networknt.service.ProcessorAImpl,1.0000,1.0000,0,0,0,0,0,0,0,1,0,0,0,0,0,0,0,1,1,1,0,0,0,0,0,0,0,1,1,0,0,1,0,0,0,0,0,0,0,0,0,1
com.networknt.service,0.0094,0.0052,0.0159,0.0159,31,com.networknt.service.ProcessorBImpl,1.0000,1.0000,0,0,0,0,0,0,0,1,0,0,0,0,0,0,0,1,1,1,0,0,0,0,0,0,0,1,1,0,0,1,0,0,0,0,0,0,0,0,0,1
com.networknt.service,0.0094,0.0052,0.0159,0.0159,31,com.networknt.service.ProcessorCImpl,1.0000,1.0000,0,0,0,0,0,0,0,1,0,0,0,0,0,0,0,1,1,1,0,0,0,0,0,0,0,1,1,0,0,1,0,0,0,0,0,0,0,0,0,1
com.networknt.service,0.0094,0.0052,0.0159,0.0159,31,com.networknt.service.InfoImpl,0.5000,0.2000,0,0,0,0,0,0,0,1,0,0,0,0,0,0,0,2,2,2,0,0,0,0,0,0,0,1.0,1.0,1,0.5,2,2,2,0,2,0,0,0,0,0,1
com.networknt.service,0.0094,0.0052,0.0159,0.0159,31,com.networknt.service.ServiceConfigTest,1.0000,1.0000,2,1,1,0,1,0,2,1,0,0,0,0,3,1,3,1,1,1,0,0,0,0,0,0,0,1,1,0,0.0,1,1,1,0,0,0,1,1,0,0,1
com.networknt.service,0.0094,0.0052,0.0159,0.0159,31,com.networknt.service.InfoValidator,1.0000,1.0000,0,0,0,0,0,0,0,1,0,0,0,0,2,0,2,1,1,1,0,0,0,0,0,0,0,1,1,0,0.0,1,2,2,0,0,0,0,2,0,0,1
com.networknt.service,0.0094,0.0052,0.0159,0.0159,31,com.networknt.service.ServiceInitializer,0.5000,0.2000,2,2,2,0,0,0,2,1,0,0,0,0,5,1,5,2,2,2,0,0,0,0,0,0,0,0.0,0.0,1,0,2,0,0,0,0,0,0,0,0,0,1
com.networknt.service,0.0094,0.0052,0.0159,0.0159,31,com.networknt.service.AImpl,1.0000,1.0000,0,0,0,0,0,0,0,1,0,0,0,0,0,0,0,1,1,1,0,0,0,0,0,0,0,1,1,0,0,1,0,0,0,0,0,0,0,0,0,1
com.networknt.service,0.0094,0.0052,0.0159,0.0159,31,com.networknt.service.InjectedBean,1.0000,1.0000,1,1,0,1,0,1,0,1,0,0,0,0,0,0,0,1,1,1,0,0,0,0,0,0,0,1,1,0,0,1,0,0,0,0,0,0,0,0,0,1
com.networknt.service,0.0094,0.0052,0.0159,0.0159,31,com.networknt.service.SingletonServiceFactoryTest,1.0000,0.3333,3,3,3,0,0,0,3,1,0,0,0,0,20,0,20,17,17,17,0,0,1,0,0,0,0,0.0,0.0,136,0,17,0,0,0,0,0,0,0,0,0,1
com.networknt.service,0.0094,0.0052,0.0159,0.0159,31,com.networknt.service.IntegrationData,1.0000,0.5000,1,1,0,1,0,1,0,1,0,0,0,0,0,0,0,4,4,4,0,0,0,0,0,0,0,1.0,1.0,6,0.8,4,5,5,0,5,0,0,0,0,0,1
com.networknt.service,0.0094,0.0052,0.0159,0.0159,31,com.networknt.service.BImpl,1.0000,1.0000,0,0,0,0,0,0,0,1,0,0,0,0,0,0,0,1,1,1,0,0,0,0,0,0,0,1,1,0,0,1,0,0,0,0,0,0,0,0,0,1
com.networknt.service,0.0094,0.0052,0.0159,0.0159,31,com.networknt.service.BTestImpl,1.0000,1.0000,0,0,0,0,0,0,0,1,0,0,0,0,0,0,0,1,1,1,0,0,0,0,0,0,0,1,1,0,0,1,0,0,0,0,0,0,0,0,0,1
com.networknt.service,0.0094,0.0052,0.0159,0.0159,31,com.networknt.service.CImpl,0.5000,0.2000,0,0,0,0,0,0,0,1,0,0,0,0,2,0,2,2,2,2,0,0,0,0,0,0,0,1.0,1.0,1,0.5,2,2,2,0,0,0,0,0,2,0,1
com.networknt.service,0.0094,0.0052,0.0159,0.0159,31,com.networknt.service.JK1Impl,0.6000,0.2733,0,0,0,0,0,0,0,1,0,0,0,0,0,0,0,5,5,5,0,0,0,0,0,0,0,0.6,0.6,10,0.8,5,2,2,0,0,0,0,2,0,0,1
com.networknt.service,0.0094,0.0052,0.0159,0.0159,31,com.networknt.service.ClassWithoutDefaultConstructor,0.6000,0.2733,1,1,0,1,0,1,0,1,0,0,0,0,0,0,0,5,5,5,0,0,0,0,0,0,0,0.6,0.6,10,0.8,5,2,2,0,2,0,0,0,0,0,1
com.networknt.service,0.0094,0.0052,0.0159,0.0159,31,com.networknt.service.JK2Impl,0.6000,0.2733,0,0,0,0,0,0,0,1,0,0,0,0,0,0,0,5,5,5,0,0,0,0,0,0,0,0.6,0.6,10,0.8,5,2,2,0,0,0,0,2,0,0,1
com.networknt.cluster,0.0,0.125,0.0159,0.0,2,com.networknt.cluster.LightCluster,0.5500,0.2300,1,0,0,0,1,0,1,1,0,0,0,0,9,1,8,5,3,3,2,0,0,0,0,0,0,1.0,1.0,0,0.68,5,5,5,0,5,0,5,0,0,0,1
com.networknt.cluster,0.0,0.125,0.0159,0.0,2,com.networknt.cluster.LightClusterTest,1.0000,0.3333,0,0,0,0,0,0,0,1,0,0,0,0,2,0,2,2,2,2,0,0,0,0,0,0,0,1.0,1.0,0,0.0,2,1,1,0,1,0,1,0,0,0,1
com.networknt.common,0.1111,0.0744,0.0159,0.0317,3,com.networknt.common.DecryptUtilTest,1.0000,1.0000,2,1,1,0,1,0,2,1,0,0,0,0,3,2,3,1,1,1,0,0,0,0,0,0,0,1,1,0,0,1,0,0,0,0,0,0,0,0,0,1
com.networknt.common,0.1111,0.0744,0.0159,0.0317,3,com.networknt.common.AESEncryptor,0.5000,0.2333,0,0,0,0,0,0,0,1,0,0,0,0,1,0,0,3,3,3,0,0,1,0,0,0,0,0.3333333333333333,0.3333333333333333,1,0.5238095238095238,3,7,7,0,7,0,4,0,4,0,1
com.networknt.common,0.1111,0.0744,0.0159,0.0317,3,com.networknt.common.DecryptUtil,0.6667,0.3056,3,1,0,1,2,3,0,1,0,0,13,0,4,0,1,4,1,1,3,0,4,0,0,0,0,1,1,6,0,4,0,0,0,0,0,0,0,0,0,1
com.networknt.config,0.0561,0.4628,0.0,0.5079,14,com.networknt.config.Config,0.2875,0.1681,63,3,0,3,60,63,0,1,0,0,74,0,0,0,0,16,16,13,0,1,3,2,12,0,0,0.0,0.0,120,1.0,16,1,1,1,0,0,1,0,1,0,0
com.networknt.config,0.0561,0.4628,0.0,0.5079,14,com.networknt.config.ZonedDateTimeModel,0.5000,0.2500,1,1,0,1,0,1,0,1,0,0,0,0,0,0,0,2,2,2,0,0,0,0,0,0,0,1.0,1.0,1,0.5,2,1,1,0,1,0,0,0,0,0,1
com.networknt.config,0.0561,0.4628,0.0,0.5079,14,com.networknt.config.ConfigException,1.0000,1.0000,0,0,0,0,0,0,0,1,0,0,0,0,0,0,0,1,1,1,0,0,0,0,0,0,0,1,1,0,0,1,0,0,0,0,0,0,0,0,0,1
com.networknt.config,0.0561,0.4628,0.0,0.5079,14,com.networknt.config.TestConfig,0.6648,0.2874,2,2,0,2,0,2,0,1,0,0,0,0,0,0,0,14,14,14,0,0,0,0,0,0,0,0.8571428571428571,0.8571428571428571,91,0.9285714285714287,14,7,7,0,0,0,0,7,0,0,1
com.networknt.config,0.0561,0.4628,0.0,0.5079,14,com.networknt.config.JsonMapperTest,1.0000,1.0000,1,1,1,0,0,0,1,1,0,0,0,0,2,2,2,1,1,1,0,0,0,0,0,0,0,1,1,0,0,1,0,0,0,0,0,0,0,0,0,1
com.networknt.config,0.0561,0.4628,0.0,0.5079,14,com.networknt.config.ConfigPropertyPathTest,1.0000,0.3333,2,2,2,0,0,0,2,1,0,0,0,0,8,1,6,10,8,8,2,0,0,0,0,0,0,1.0,1.0,0,0.3,10,2,2,0,1,0,0,0,1,0,1
com.networknt.config,0.0561,0.4628,0.0,0.5079,14,com.networknt.config.ConfigInjection,0.6500,0.2900,1,1,0,1,0,1,0,1,0,0,0,0,9,0,6,5,2,2,3,0,5,0,0,0,0,1.0,1.0,10,0.82,5,10,10,0,10,0,10,0,7,0,1
com.networknt.config,0.0561,0.4628,0.0,0.5079,14,com.networknt.config.CentralizedManagement,0.6667,0.3056,2,2,1,1,0,1,1,1,0,0,0,0,3,1,1,4,2,2,2,0,4,0,0,0,0,0.0,0.0,6,0,4,0,0,0,0,0,0,0,0,0,1
com.networknt.config,0.0561,0.4628,0.0,0.5079,14,com.networknt.config.LocalDateModel,0.5000,0.2500,1,1,0,1,0,1,0,1,0,0,0,0,0,0,0,2,2,2,0,0,0,0,0,0,0,0.0,0.0,1,0.5,2,1,1,0,1,0,0,0,0,0,1
com.networknt.config,0.0561,0.4628,0.0,0.5079,14,com.networknt.config.ConfigClassPathTest,1.0000,0.3333,1,1,1,0,0,0,1,1,0,0,0,0,5,1,4,4,3,3,1,0,0,0,0,0,0,1.0,1.0,2,0.5,4,2,2,0,2,0,0,0,1,0,1
com.networknt.config,0.0561,0.4628,0.0,0.5079,14,com.networknt.config.LocalDateTimeModel,0.5000,0.2500,1,1,0,1,0,1,0,1,0,0,0,0,0,0,0,2,2,2,0,0,0,0,0,0,0,1.0,1.0,1,0.5,2,1,1,0,1,0,0,0,0,0,1
com.networknt.config,0.0561,0.4628,0.0,0.5079,14,com.networknt.config.TestCentralizedManagement,1.0000,0.3333,1,1,1,0,0,0,1,1,0,0,0,0,1,1,1,5,5,5,0,0,0,0,0,0,0,0.0,0.0,10,0,5,0,0,0,0,0,0,0,0,0,1
com.networknt.config,0.0561,0.4628,0.0,0.5079,14,com.networknt.config.JsonMapper,0.6000,0.2600,2,1,0,1,1,2,0,1,0,0,1,0,0,0,0,5,5,5,0,0,5,0,0,0,0,1.0,1.0,0,0.0,5,1,1,1,0,0,1,0,0,0,1
com.networknt.config,0.0561,0.4628,0.0,0.5079,14,com.networknt.config.ConfigDefaultTest,1.0000,0.3333,5,5,5,0,0,0,5,1,0,0,0,0,17,1,17,15,15,15,0,0,0,0,0,0,0,0.8666666666666667,0.8666666666666667,0,0.4666666666666666,15,3,3,0,0,0,0,3,0,0,1
com.networknt.status,0.12,0.1973,0.0159,0.1111,5,com.networknt.status.Status,0.6238,0.3108,14,3,0,3,11,14,0,1,1,0,22,0,6,0,1,15,15,15,0,0,0,0,0,0,0,0.8666666666666667,0.8666666666666667,93,0.9,15,10,10,3,7,0,5,0,4,0,1
com.networknt.status,0.12,0.1973,0.0159,0.1111,5,com.networknt.status.ErrorRootStatusSerializer,1.0000,1.0000,1,1,1,0,0,0,1,1,0,0,0,0,4,0,4,1,1,1,0,0,0,0,0,0,0,1,1,0,0,1,0,0,0,0,0,0,0,0,0,1
com.networknt.status,0.12,0.1973,0.0159,0.1111,5,com.networknt.status.StatusDefaultTest,1.0000,0.3333,2,1,1,0,1,0,2,1,0,0,0,0,5,1,5,8,8,8,0,0,0,0,0,0,0,0.0,0.0,28,0,8,0,0,0,0,0,0,0,0,0,1
com.networknt.status,0.12,0.1973,0.0159,0.1111,5,com.networknt.status.SeparateClassloaderTestRunner,0.5000,0.2000,0,0,0,0,0,0,0,1,0,0,0,0,1,0,0,2,1,1,1,0,1,0,0,0,0,1,1,1,0,2,0,0,0,0,0,0,0,0,0,1
com.networknt.status,0.12,0.1973,0.0159,0.1111,5,com.networknt.status.StatusSerializerTest,1.0000,0.3333,2,1,1,0,1,0,2,1,0,0,0,0,4,1,3,5,4,4,1,0,3,0,0,0,0,1.0,1.0,8,0.7,5,2,2,0,2,0,2,0,1,0,1
com.networknt.switcher,0.1875,0.049,0.0,0.0317,4,com.networknt.switcher.LocalSwitcherService,0.6528,0.2870,2,2,1,1,0,1,1,1,0,0,0,0,5,0,3,9,8,8,1,0,0,0,0,0,0,1.0,1.0,10,0.5555555555555556,9,2,2,0,2,0,1,0,1,0,1
com.networknt.switcher,0.1875,0.049,0.0,0.0317,4,com.networknt.switcher.Switcher,0.5500,0.2433,2,2,0,2,0,2,0,1,0,0,0,0,0,0,0,5,5,5,0,0,0,0,0,0,0,0.6,0.6,4,0.6000000000000001,5,2,2,0,2,0,0,0,0,0,1
com.networknt.switcher,0.1875,0.049,0.0,0.0317,4,com.networknt.switcher.SwitcherUtil,0.6667,0.2810,2,0,0,0,2,2,0,1,0,0,3,0,4,0,4,7,7,7,0,0,7,0,0,0,0,1.0,1.0,0,0.14285714285714285,7,1,1,0,1,0,1,0,0,0,1
com.networknt.switcher,0.1875,0.049,0.0,0.0317,4,com.networknt.switcher.LocalSwitcherServiceTest,1.0000,1.0000,2,2,2,0,0,0,2,1,0,0,0,0,3,0,3,1,1,1,0,0,0,0,0,0,0,1,1,0,0,1,0,0,0,0,0,0,0,0,0,1
com.networknt.traceability,0.2222,0.0615,0.0476,0.0,3,com.networknt.traceability.TraceabilityConfig,0.5000,0.2333,1,1,0,1,0,1,0,1,0,0,0,0,0,0,0,3,3,3,0,0,0,0,0,0,0,0.0,0.0,3,0.6666666666666666,3,1,1,0,0,0,0,1,0,0,1
com.networknt.traceability,0.2222,0.0615,0.0476,0.0,3,com.networknt.traceability.TraceabilityHandlerTest,0.8333,0.3056,1,1,1,0,0,0,1,1,0,0,0,0,2,0,1,6,6,5,0,0,3,1,0,0,0,1.0,1.0,0,0.5,6,2,2,0,0,0,2,2,1,0,1
com.networknt.traceability,0.2222,0.0615,0.0476,0.0,3,com.networknt.traceability.TraceabilityHandler,0.5333,0.2356,5,2,1,1,3,1,4,1,0,0,0,0,5,3,5,6,6,6,0,0,0,0,0,0,0,0.6666666666666666,0.6666666666666666,13,0.8333333333333334,6,4,4,2,1,0,3,1,2,0,1
com.networknt.utility,0.0181,0.1843,0.0159,0.3492,21,com.networknt.utility.DateUtil,0.6667,0.3000,0,0,0,0,0,0,0,1,0,0,0,0,1,0,0,3,2,2,1,0,3,0,0,0,0,0.0,0.0,3,0.6666666666666666,3,1,1,0,0,0,1,1,1,0,1
com.networknt.utility,0.0181,0.1843,0.0159,0.3492,21,com.networknt.utility.ConcurrentHashSet,0.5972,0.2833,0,0,0,0,0,0,0,1,0,0,6,0,0,0,0,9,9,9,0,0,0,0,0,0,0,1.0,1.0,0,0.5925925925925926,9,3,3,0,3,0,2,0,3,0,1
com.networknt.utility,0.0181,0.1843,0.0159,0.3492,21,com.networknt.utility.NetUtils,0.6360,0.2926,1,1,0,1,0,1,0,1,0,0,1,0,9,0,0,17,12,12,5,0,17,0,0,0,0,1.0,1.0,124,0.9243697478991597,17,7,7,2,5,0,7,0,6,0,1
com.networknt.utility,0.0181,0.1843,0.0159,0.3492,21,com.networknt.utility.RegExUtils,1.0000,0.5444,1,0,0,0,1,1,0,1,0,0,1,0,3,0,0,10,10,10,0,0,10,0,0,0,0,0.0,0.0,45,0,10,0,0,0,0,0,0,0,0,0,1
com.networknt.utility,0.0181,0.1843,0.0159,0.3492,21,com.networknt.utility.NetUtilsTest,1.0000,0.3333,1,1,1,0,0,0,1,1,0,0,0,0,3,3,3,2,2,2,0,0,0,0,0,0,0,0.0,0.0,1,0,2,0,0,0,0,0,0,0,0,0,1
com.networknt.utility,0.0181,0.1843,0.0159,0.3492,21,com.networknt.utility.Util,0.7917,0.3750,4,1,0,1,3,4,0,1,0,0,7,0,0,0,0,9,9,9,0,0,9,0,0,0,0,0.4166666666666667,0.4166666666666667,34,0.8888888888888888,9,2,2,1,0,0,2,1,2,0,1
com.networknt.utility,0.0181,0.1843,0.0159,0.3492,21,com.networknt.utility.CodeVerifierUtil,1.0000,0.5833,1,1,0,1,0,1,0,1,0,0,0,0,1,0,0,4,4,4,0,0,4,0,0,0,0,1.0,1.0,6,0.8888888888888888,4,9,9,8,0,0,9,1,9,0,1
com.networknt.utility,0.0181,0.1843,0.0159,0.3492,21,com.networknt.utility.StringUtils,0.6944,0.3254,12,2,1,1,10,11,1,1,0,0,11,0,12,2,2,36,31,31,5,0,36,0,0,0,0,1.0,1.0,552,0.9285714285714286,36,7,7,5,2,0,7,0,6,0,1
com.networknt.utility,0.0181,0.1843,0.0159,0.3492,21,com.networknt.utility.CharSequenceUtils,0.6071,0.3000,1,1,0,1,0,1,0,1,0,0,0,0,0,0,0,8,8,2,0,0,7,6,0,0,0,0.21428571428571427,0.21428571428571427,26,0.75,8,1,1,0,1,0,1,0,1,0,1
com.networknt.utility,0.0181,0.1843,0.0159,0.3492,21,com.networknt.utility.NioUtilsTest,1.0000,0.3333,1,1,1,0,0,0,1,1,0,0,0,0,3,3,3,3,3,3,0,0,0,0,0,0,0,0.0,0.0,3,0,3,0,0,0,0,0,0,0,0,0,1
com.networknt.utility,0.0181,0.1843,0.0159,0.3492,21,com.networknt.utility.CodeVerifierUtilTest,1.0000,1.0000,1,1,1,0,0,0,1,1,0,0,0,0,2,2,2,1,1,1,0,0,0,0,0,0,0,1,1,0,0,1,0,0,0,0,0,0,0,0,0,1
com.networknt.utility,0.0181,0.1843,0.0159,0.3492,21,com.networknt.utility.NioUtils,0.5889,0.2689,1,1,0,1,0,1,0,1,0,0,0,0,2,0,0,10,9,9,1,0,10,0,0,0,0,1.0,1.0,25,0.7,10,2,2,0,1,0,2,1,2,0,1
com.networknt.utility,0.0181,0.1843,0.0159,0.3492,21,com.networknt.utility.ModuleRegistry,0.7500,0.2917,18,0,0,0,18,18,0,1,0,0,22,0,2,0,0,4,2,2,2,0,4,0,0,0,0,1.0,1.0,4,0.5,4,1,1,0,1,0,1,0,0,0,1
com.networknt.utility,0.0181,0.1843,0.0159,0.3492,21,com.networknt.utility.FingerPrintUtilTest,1.0000,1.0000,2,1,1,0,1,0,2,1,0,0,0,0,3,2,3,1,1,1,0,0,0,0,0,0,0,1,1,0,0,1,0,0,0,0,0,0,0,0,0,1
com.networknt.utility,0.0181,0.1843,0.0159,0.3492,21,com.networknt.utility.FingerPrintUtil,1.0000,1.0000,2,1,0,1,1,2,0,1,0,0,2,0,0,0,0,1,1,1,0,0,1,0,0,0,0,1,1,0,0.0,1,1,1,0,0,0,1,1,1,0,1
com.networknt.utility,0.0181,0.1843,0.0159,0.3492,21,com.networknt.utility.StringUtilsTest,1.0000,0.3333,1,1,1,0,0,0,1,1,0,0,0,0,2,2,2,2,2,2,0,0,0,0,0,0,0,0.0,0.0,1,0,2,0,0,0,0,0,0,0,0,0,1
com.networknt.utility,0.0181,0.1843,0.0159,0.3492,21,com.networknt.utility.HashUtilTest,1.0000,0.3333,1,1,1,0,0,0,1,1,0,0,0,0,3,3,3,3,3,3,0,0,0,0,0,0,0,0.0,0.0,3,0,3,0,0,0,0,0,0,0,0,0,1
com.networknt.utility,0.0181,0.1843,0.0159,0.3492,21,com.networknt.utility.UtilTest,1.0000,0.3333,1,1,1,0,0,0,1,1,0,0,0,0,3,3,3,3,3,3,0,0,0,0,0,0,0,0.0,0.0,3,0,3,0,0,0,0,0,0,0,0,0,1
com.networknt.utility,0.0181,0.1843,0.0159,0.3492,21,com.networknt.utility.HashUtil,0.7333,0.3400,1,1,0,1,0,1,0,1,0,0,0,0,4,0,0,10,6,6,4,0,9,0,0,0,0,0.0,0.0,45,0,10,0,0,0,0,0,0,0,0,0,1
com.networknt.utility,0.0181,0.1843,0.0159,0.3492,21,com.networknt.utility.Tuple,1.0000,1.0000,0,0,0,0,0,0,0,1,0,0,2,0,0,0,0,1,1,1,0,0,0,0,0,0,0,1,1,0,1.0,1,2,2,2,0,0,0,0,2,0,1
com.networknt.utility,0.0181,0.1843,0.0159,0.3492,21,com.networknt.utility.CollectionUtil,1.0000,1.0000,0,0,0,0,0,0,0,1,0,0,0,0,0,0,0,1,1,1,0,0,1,0,0,0,0,1,1,0,0,1,0,0,0,0,0,0,0,0,0,1
com.networknt.consul,0.0867,0.0948,0.0476,0.0159,14,com.networknt.consul.ConsulServiceTest,1.0000,0.3333,1,1,1,0,0,0,1,1,0,0,0,0,6,0,6,2,2,2,0,0,0,0,0,0,0,0.0,0.0,1,1.0,2,1,1,0,0,0,1,1,0,0,1
com.networknt.consul,0.0867,0.0948,0.0476,0.0159,14,com.networknt.consul.MockConsulClient,0.4048,0.2305,3,3,1,2,0,2,1,1,0,0,0,0,1,0,1,15,15,15,0,0,0,0,0,0,0,0.8666666666666667,0.8666666666666667,45,0.8500000000000001,15,8,8,0,6,0,0,2,0,0,1
com.networknt.consul,0.0867,0.0948,0.0476,0.0159,14,com.networknt.consul.ConsulRegistryTest,0.5952,0.2183,4,4,4,0,0,0,4,1,0,0,0,0,15,3,13,7,5,5,2,0,0,0,0,0,0,1.0,1.0,0,0.5555555555555556,7,9,9,0,9,0,0,0,0,0,1
com.networknt.consul,0.0867,0.0948,0.0476,0.0159,14,com.networknt.consul.ConsulClientImplTest,1.0000,1.0000,1,1,1,0,0,0,1,1,0,0,0,0,1,0,1,1,1,1,0,0,0,0,0,0,0,1,1,0,0.0,1,1,1,0,1,0,1,0,1,0,1
com.networknt.consul,0.0867,0.0948,0.0476,0.0159,14,com.networknt.consul.ConsulTestIT,0.8000,0.3000,1,1,1,0,0,0,1,1,0,0,0,0,4,0,3,5,5,5,0,0,1,0,0,0,0,1.0,1.0,0,0.4000000000000001,5,3,3,0,3,0,0,0,0,0,1
com.networknt.consul,0.0867,0.0948,0.0476,0.0159,14,com.networknt.consul.ConsulUtils,0.7333,0.3400,5,5,1,4,0,4,1,1,0,0,0,0,15,0,12,10,10,10,0,0,10,0,0,0,0,0.0,0.0,45,0,10,0,0,0,0,0,0,0,0,0,1
com.networknt.consul,0.0867,0.0948,0.0476,0.0159,14,com.networknt.consul.ConsulHeartbeatManager,0.7444,0.2922,2,2,0,2,0,2,0,1,0,0,0,0,0,0,0,10,8,7,2,1,0,0,0,0,0,1.0,1.0,23,0.8444444444444446,10,9,9,0,9,0,1,0,1,0,1
com.networknt.consul,0.0867,0.0948,0.0476,0.0159,14,com.networknt.consul.ConsulHeartbeatManagerTest,1.0000,0.3333,2,2,2,0,0,0,2,1,0,0,0,0,6,0,4,5,4,4,1,0,0,0,0,0,0,1.0,1.0,0,0.6,5,3,3,0,3,0,0,0,0,0,1
com.networknt.consul,0.0867,0.0948,0.0476,0.0159,14,com.networknt.consul.ConsulUtilsTest,1.0000,0.3333,1,1,1,0,0,0,1,1,0,0,0,0,4,4,4,6,6,6,0,0,0,0,0,0,0,1.0,1.0,3,0.6851851851851852,6,9,9,0,0,0,0,9,0,0,1
com.networknt.consul,0.0867,0.0948,0.0476,0.0159,14,com.networknt.consul.ConsulService,0.6515,0.2922,6,5,0,5,1,6,0,1,0,0,2,0,0,0,0,12,12,12,0,0,0,0,0,0,0,1.0,1.0,56,0.8690476190476192,12,7,7,0,6,0,1,1,0,0,1
com.networknt.consul,0.0867,0.0948,0.0476,0.0159,14,com.networknt.consul.MockUtils,0.6667,0.4667,3,3,2,1,0,1,2,1,0,0,0,0,8,2,7,3,3,3,0,0,3,0,0,0,0,1.0,1.0,0,0.41666666666666663,3,4,4,0,4,0,4,0,0,0,1
com.networknt.consul,0.0867,0.0948,0.0476,0.0159,14,com.networknt.consul.ConsulConfig,0.6542,0.2803,2,1,0,1,1,2,0,1,0,0,1,0,0,0,0,16,16,16,0,0,0,0,0,0,0,1.0,1.0,120,0.9375,16,8,8,0,0,0,0,8,0,0,1
com.networknt.consul,0.0867,0.0948,0.0476,0.0159,14,com.networknt.consul.ConsulRegistry,0.6319,0.2707,8,5,3,2,3,2,6,2,0,0,0,3,24,5,19,14,9,2,5,7,0,0,0,0,0,1.0,1.0,45,0.8311688311688311,14,11,11,0,11,0,1,0,1,0,1
com.networknt.consul,0.0867,0.0948,0.0476,0.0159,14,com.networknt.consul.ConsulResponse,0.6250,0.2679,0,0,0,0,0,0,0,1,0,0,2,0,0,0,0,8,8,8,0,0,0,0,0,0,0,1.0,1.0,28,0.875,8,4,4,0,4,0,0,0,0,0,1
com.networknt.consul.client,0.0,0.1071,0.0317,0.0,1,com.networknt.consul.client.ConsulClientImpl,0.6429,0.2667,3,0,0,0,3,0,3,1,0,0,1,0,12,1,11,7,6,6,1,0,0,0,0,0,0,1.0,1.0,0,0.47619047619047616,7,9,9,0,2,0,2,7,2,0,1
com.networknt.content,0.2222,0.0615,0.0476,0.0,3,com.networknt.content.ContentHandlerTest,0.8571,0.3095,1,1,1,0,0,0,1,1,0,0,0,0,2,0,1,7,7,6,0,0,3,1,0,0,0,1.0,1.0,0,0.4761904761904762,7,3,3,0,3,0,3,0,2,0,1
com.networknt.content,0.2222,0.0615,0.0476,0.0,3,com.networknt.content.ContentHandler,0.5333,0.2356,5,2,1,1,3,1,4,1,0,0,0,0,5,3,5,6,6,6,0,0,0,0,0,0,0,1.0,1.0,13,0.7916666666666666,6,4,4,2,2,0,3,0,3,0,1
com.networknt.content,0.2222,0.0615,0.0476,0.0,3,com.networknt.content.ContentConfig,0.5952,0.2619,1,1,0,1,0,1,0,1,0,0,0,0,0,0,0,7,7,7,0,0,0,0,0,0,0,0.7142857142857143,0.7142857142857143,21,0.8571428571428571,7,3,3,0,0,0,0,3,0,0,1
com.networknt.correlation,0.3333,0.123,0.0476,0.0317,3,com.networknt.correlation.CorrelationConfig,0.6000,0.2733,2,2,0,2,0,2,0,1,0,0,0,0,0,0,0,5,5,5,0,0,0,0,0,0,0,0.6,0.6,10,0.8,5,2,2,0,0,0,0,2,0,0,1
com.networknt.correlation,0.3333,0.123,0.0476,0.0317,3,com.networknt.correlation.CorrelationHandler,0.5333,0.2356,8,2,1,1,6,3,5,1,0,0,2,0,7,4,7,6,6,6,0,0,0,0,0,0,0,1.0,1.0,11,0.7666666666666666,6,5,5,1,4,0,4,0,3,0,1
com.networknt.correlation,0.3333,0.123,0.0476,0.0317,3,com.networknt.correlation.CorrelationHandlerTest,0.8333,0.3056,2,2,2,0,0,0,2,1,0,0,0,0,3,0,2,6,6,5,0,0,3,1,0,0,0,1.0,1.0,0,0.5,6,2,2,0,0,0,2,2,1,0,1
com.networknt.cors,0.16,0.0369,0.0476,0.0,5,com.networknt.cors.CorsHttpHandler,0.6071,0.2571,6,3,2,1,3,1,5,1,0,0,0,0,10,6,8,8,6,6,2,0,0,0,0,0,0,1.0,1.0,26,0.8541666666666666,8,6,6,2,4,0,5,0,4,0,1
com.networknt.cors,0.16,0.0369,0.0476,0.0,5,com.networknt.cors.CorsUtil,0.7000,0.3200,2,2,0,2,0,2,0,1,0,0,0,0,4,0,0,6,5,5,1,0,6,0,0,0,0,0.3,0.3,15,0.8333333333333334,6,1,1,0,1,0,1,0,1,0,1
com.networknt.cors,0.16,0.0369,0.0476,0.0,5,com.networknt.cors.CorsHttpHandlerTest,0.8000,0.3000,1,1,1,0,0,0,1,1,0,0,0,0,2,0,1,5,5,4,0,0,3,1,0,0,0,1.0,1.0,0,0.5,5,2,2,0,0,0,2,2,1,0,1
com.networknt.cors,0.16,0.0369,0.0476,0.0,5,com.networknt.cors.CorsConfig,0.5972,0.2583,1,1,0,1,0,1,0,1,0,0,0,0,0,0,0,9,9,9,0,0,0,0,0,0,0,0.7777777777777778,0.7777777777777778,36,0.8888888888888888,9,4,4,0,0,0,0,3,0,0,1
com.networknt.cors,0.16,0.0369,0.0476,0.0,5,com.networknt.cors.CorsUtilTest,0.8000,0.3000,1,1,1,0,0,0,1,1,0,0,0,0,4,4,4,5,5,5,0,0,0,0,0,0,0,0.0,0.0,10,0,5,0,0,0,0,0,0,0,0,0,1
com.networknt.zookeeper.client,0.0,0.0,0.0,0.0,1,com.networknt.zookeeper.client.ZooKeeperClientImpl,0.6342,0.2700,0,0,0,0,0,0,0,1,0,0,0,0,0,0,0,20,20,20,0,0,0,0,0,0,0,1.0,1.0,8,0.7875000000000001,20,4,4,0,4,0,0,0,0,0,1
com.networknt.zookeeper,0.3333,0.1806,0.0476,0.0,3,com.networknt.zookeeper.ZooKeeperRegistryTest,0.8333,0.3056,2,2,2,0,0,0,2,1,0,0,0,0,13,1,12,6,5,5,1,0,2,0,0,0,0,1.0,1.0,0,0.5277777777777778,6,6,6,0,6,0,6,0,0,0,1
com.networknt.zookeeper,0.3333,0.1806,0.0476,0.0,3,com.networknt.zookeeper.ZkUtils,1.0000,0.5000,2,2,0,2,0,2,0,1,0,0,0,0,6,0,3,5,5,5,0,0,5,0,0,0,0,0.1,0.1,10,0.8,5,1,1,0,1,0,1,0,1,0,1
com.networknt.zookeeper,0.3333,0.1806,0.0476,0.0,3,com.networknt.zookeeper.ZooKeeperRegistry,0.7372,0.2885,5,2,1,1,3,1,4,2,0,0,0,3,20,3,15,13,9,2,4,7,0,0,0,0,0,0.7777777777777778,0.7777777777777778,20,0.8111888111888113,13,11,11,0,11,0,6,0,8,0,1
com.networknt.db,0.1094,0.0253,0.0317,0.0,8,com.networknt.db.MysqlDataSource,0.6667,0.3833,1,1,1,0,0,0,1,2,0,0,0,2,0,0,0,4,4,4,0,0,0,0,0,0,0,1.0,1.0,6,0.75,4,2,2,0,2,0,2,0,2,0,1
com.networknt.db,0.1094,0.0253,0.0317,0.0,8,com.networknt.db.PostgresDataSource,0.6667,0.3833,1,1,1,0,0,0,1,2,0,0,0,2,0,0,0,4,4,4,0,0,0,0,0,0,0,1.0,1.0,6,0.75,4,2,2,0,2,0,2,0,2,0,1
com.networknt.db,0.1094,0.0253,0.0317,0.0,8,com.networknt.db.GenericDataSourceTest,1.0000,0.3333,1,1,1,0,0,0,1,1,0,0,0,0,1,0,1,7,7,7,0,0,0,0,0,0,0,0.0,0.0,21,0,7,0,0,0,0,0,0,0,0,0,1
com.networknt.db,0.1094,0.0253,0.0317,0.0,8,com.networknt.db.MariaDataSource,0.6667,0.3833,1,1,1,0,0,0,1,2,0,0,0,2,0,0,0,4,4,4,0,0,0,0,0,0,0,1.0,1.0,6,0.75,4,2,2,0,2,0,2,0,2,0,1
com.networknt.db,0.1094,0.0253,0.0317,0.0,8,com.networknt.db.OracleDataSource,0.6667,0.3833,1,1,1,0,0,0,1,2,0,0,0,2,0,0,0,4,4,4,0,0,0,0,0,0,0,1.0,1.0,6,0.75,4,2,2,0,2,0,2,0,2,0,1
com.networknt.db,0.1094,0.0253,0.0317,0.0,8,com.networknt.db.GenericDataSource,0.5667,0.2733,9,7,0,7,2,7,2,1,6,0,0,0,6,2,3,6,6,5,0,1,0,0,0,0,0,1.0,1.0,1,0.7222222222222223,6,6,6,0,3,3,4,0,4,0,1
com.networknt.db,0.1094,0.0253,0.0317,0.0,8,com.networknt.db.SqlServerDataSource,0.6667,0.3833,1,1,1,0,0,0,1,2,0,0,0,2,0,0,0,4,4,4,0,0,0,0,0,0,0,1.0,1.0,6,0.75,4,2,2,0,2,0,2,0,2,0,1
com.networknt.db,0.1094,0.0253,0.0317,0.0,8,com.networknt.db.H2DataSource,0.6667,0.3833,1,1,1,0,0,0,1,2,0,0,0,2,0,0,0,4,4,4,0,0,0,0,0,0,0,1.0,1.0,6,0.75,4,2,2,0,2,0,2,0,2,0,1
com.networknt.decrypt,0.0,0.0,0.0,0.0,1,com.networknt.decrypt.AESDecryptor,0.5000,0.2000,0,0,0,0,0,0,0,1,0,0,0,0,0,0,0,2,2,2,0,0,0,0,0,0,0,1.0,1.0,0,0.21428571428571427,2,7,7,0,7,0,4,0,4,0,1
com.networknt.deref,0.2222,0.0754,0.0635,0.0,3,com.networknt.deref.DerefMiddlewareHandlerTest,0.7000,0.3000,1,1,1,0,0,0,1,1,0,0,0,0,3,0,1,5,5,3,0,0,4,2,0,0,0,1.0,1.0,6,0.7,5,4,4,0,0,0,4,4,2,0,1
com.networknt.deref,0.2222,0.0754,0.0635,0.0,3,com.networknt.deref.DerefConfig,0.5000,0.2500,1,1,0,1,0,1,0,1,0,0,0,0,0,0,0,2,2,2,0,0,0,0,0,0,0,1.0,1.0,1,0.5,2,1,1,0,0,0,0,1,0,0,1
com.networknt.deref,0.2222,0.0754,0.0635,0.0,3,com.networknt.deref.DerefMiddlewareHandler,0.5333,0.2356,6,2,1,1,4,1,5,1,0,0,0,0,7,4,7,6,6,6,0,0,0,0,0,0,0,1.0,1.0,13,0.8095238095238095,6,7,7,1,6,0,6,0,5,0,1
com.networknt.dump,0.0918,0.0855,0.0794,0.0,14,com.networknt.dump.UrlDumper,0.5833,0.2556,4,2,2,0,2,0,4,2,0,0,0,1,5,2,4,4,4,3,0,1,0,0,0,0,0,0.5,0.5,4,0.5,4,1,1,0,1,0,0,0,0,0,1
com.networknt.dump,0.0918,0.0855,0.0794,0.0,14,com.networknt.dump.DumpHandler,0.5333,0.2356,6,3,2,1,3,1,5,1,0,0,0,0,8,3,7,6,6,6,0,0,0,0,0,0,0,0.6666666666666666,0.6666666666666666,11,0.7222222222222222,6,3,3,0,3,0,2,0,1,0,1
com.networknt.dump,0.0918,0.0855,0.0794,0.0,14,com.networknt.dump.DumperFactory,0.5000,0.2000,1,1,0,1,0,1,0,1,0,0,0,0,2,0,2,2,2,2,0,0,0,0,0,0,0,1.0,1.0,1,0.6666666666666666,2,3,3,0,3,0,0,0,0,0,0
com.networknt.dump,0.0918,0.0855,0.0794,0.0,14,com.networknt.dump.DumpConfig,0.6453,0.2965,9,9,0,9,0,9,0,1,0,0,0,0,5,0,0,34,30,30,4,0,0,0,0,0,0,1.0,1.0,529,0.9491978609625669,34,22,22,0,22,0,1,0,0,0,1
com.networknt.dump,0.0918,0.0855,0.0794,0.0,14,com.networknt.dump.StatusCodeDumper,0.5833,0.2556,3,2,2,0,1,0,3,2,0,0,0,1,3,1,2,4,4,3,0,1,0,0,0,0,0,0.5,0.5,4,0.5,4,1,1,0,1,0,0,0,0,0,1
com.networknt.dump,0.0918,0.0855,0.0794,0.0,14,com.networknt.dump.DumpHandlerTest,0.8000,0.3000,2,1,1,0,1,0,2,1,0,0,0,0,3,0,2,5,5,4,0,0,3,1,0,0,0,0.6,0.6,4,0.6000000000000001,5,2,2,0,0,0,2,2,1,0,1
com.networknt.dump,0.0918,0.0855,0.0794,0.0,14,com.networknt.dump.QueryParametersDumper,0.5833,0.2556,2,2,2,0,0,0,2,2,0,0,0,1,2,0,1,4,4,3,0,1,0,0,0,0,0,0.5,0.5,4,0.5,4,1,1,0,1,0,0,0,0,0,1
com.networknt.dump,0.0918,0.0855,0.0794,0.0,14,com.networknt.dump.AbstractDumper,0.0000,0.2000,6,6,0,6,0,6,0,1,7,0,0,0,0,0,0,2,2,0,0,1,0,1,1,0,0,0.0,0.0,1,1.0,2,2,2,0,0,2,0,0,2,0,1024
com.networknt.dump,0.0918,0.0855,0.0794,0.0,14,com.networknt.dump.CookiesDumper,0.6667,0.2810,2,2,2,0,0,0,2,2,0,0,0,1,4,0,2,7,6,4,1,1,0,1,0,0,0,1.0,1.0,19,0.7142857142857143,7,1,1,0,1,0,0,0,0,0,1
com.networknt.dump,0.0918,0.0855,0.0794,0.0,14,com.networknt.dump.HeadersDumper,0.6667,0.2810,3,2,2,0,1,0,3,2,0,0,0,1,6,1,4,7,6,5,1,1,0,0,0,0,0,0.2,0.2,9,0.42857142857142855,7,1,1,0,1,0,0,0,0,0,1
com.networknt.dump,0.0918,0.0855,0.0794,0.0,14,com.networknt.dump.DumpHelper,0.7000,0.3000,2,1,1,0,1,0,2,1,0,0,0,0,8,1,4,5,1,0,4,0,5,1,0,0,0,1,1,4,0.4,5,1,1,0,1,0,1,0,0,0,0
com.networknt.dump,0.0918,0.0855,0.0794,0.0,14,com.networknt.dump.StoreResponseStreamSinkConduit,0.5667,0.2967,0,0,0,0,0,0,0,1,0,0,0,0,0,0,0,6,6,6,0,0,0,0,0,0,0,1.0,1.0,3,0.6666666666666666,6,3,3,1,2,0,1,0,2,0,1
com.networknt.dump,0.0918,0.0855,0.0794,0.0,14,com.networknt.dump.BodyDumper,0.6964,0.2851,4,2,2,0,2,0,4,2,0,0,0,1,9,3,6,8,6,4,2,1,0,1,0,0,0,1.0,1.0,14,0.625,8,2,2,0,2,0,1,0,1,0,0
com.networknt.dump,0.0918,0.0855,0.0794,0.0,14,com.networknt.dump.RootDumper,0.6667,0.2778,3,3,2,1,0,1,2,1,0,0,0,0,8,0,8,3,3,3,0,0,0,0,0,0,0,1.0,1.0,0,0.2222222222222222,3,3,3,0,3,0,0,0,0,0,0
com.networknt.email,0.2222,0.0,0.0,0.0,3,com.networknt.email.EmailConfig,0.7222,0.3241,1,1,0,1,0,1,0,1,0,0,0,0,0,0,0,10,10,10,0,0,0,0,0,0,0,1.0,1.0,45,0.9,10,5,5,0,0,0,0,5,0,0,1
com.networknt.email,0.2222,0.0,0.0,0.0,3,com.networknt.email.EmailSender,0.6667,0.2778,2,2,1,1,0,1,1,1,0,0,0,0,5,0,5,3,3,3,0,0,0,0,0,0,0,0.3333333333333333,0.3333333333333333,1,0.6,3,5,5,2,1,0,5,2,5,0,1
com.networknt.email,0.2222,0.0,0.0,0.0,3,com.networknt.email.EmailSenderTest,1.0000,0.3333,1,1,1,0,0,0,1,1,0,0,0,0,2,0,2,2,2,2,0,0,0,0,0,0,0,0.0,0.0,1,0,2,0,0,0,0,0,0,0,0,0,1
com.networknt.decode,0.2222,0.1567,0.0476,0.0159,3,com.networknt.decode.RequestDecodeHandler,0.5333,0.2356,5,1,1,0,4,1,4,1,0,0,1,0,6,3,6,6,6,6,0,0,0,0,0,0,0,1.0,1.0,9,0.6666666666666666,6,3,3,1,2,0,1,0,1,0,1
com.networknt.decode,0.2222,0.1567,0.0476,0.0159,3,com.networknt.decode.RequestDecodeConfigTest,1.0000,1.0000,2,1,1,0,1,0,2,1,0,0,0,0,3,1,3,1,1,1,0,0,0,0,0,0,0,1,1,0,0,1,0,0,0,0,0,0,0,0,0,1
com.networknt.decode,0.2222,0.1567,0.0476,0.0159,3,com.networknt.decode.RequestDecodeConfig,0.5500,0.2433,2,2,0,2,0,2,0,1,0,0,0,0,0,0,0,5,5,5,0,0,0,0,0,0,0,0.6,0.6,10,0.8666666666666667,5,3,3,1,0,0,1,2,1,0,1
com.networknt.encode,0.2222,0.1567,0.0476,0.0159,3,com.networknt.encode.ResponseEncodeHandler,0.5333,0.2356,5,1,1,0,4,1,4,1,0,0,1,0,7,3,7,6,6,6,0,0,0,0,0,0,0,0.6666666666666666,0.6666666666666666,9,0.7083333333333333,6,4,4,1,2,0,2,1,2,0,1
com.networknt.encode,0.2222,0.1567,0.0476,0.0159,3,com.networknt.encode.ResponseEncodeConfig,0.5500,0.2433,2,2,0,2,0,2,0,1,0,0,0,0,0,0,0,5,5,5,0,0,0,0,0,0,0,0.6,0.6,10,0.8666666666666667,5,3,3,1,0,0,1,2,1,0,1
com.networknt.encode,0.2222,0.1567,0.0476,0.0159,3,com.networknt.encode.ResponseEncodeConfigTest,1.0000,1.0000,2,1,1,0,1,0,2,1,0,0,0,0,3,1,3,1,1,1,0,0,0,0,0,0,0,1,1,0,0,1,0,0,0,0,0,0,0,0,0,1
com.networknt.exception,0.102,0.0886,0.0635,0.0,7,com.networknt.exception.ApiException,0.6667,0.4667,2,1,0,1,1,1,1,1,0,0,1,0,1,0,1,3,3,3,0,0,0,0,0,0,0,1.0,1.0,3,0.8333333333333333,3,2,2,0,2,0,1,0,2,0,1
com.networknt.exception,0.102,0.0886,0.0635,0.0,7,com.networknt.exception.ExceptionHandlerTest,0.8571,0.3095,3,1,1,0,2,0,3,1,0,0,0,0,5,1,4,7,7,6,0,0,3,1,0,0,0,1.0,1.0,0,0.5,7,2,2,0,0,0,2,2,1,0,1
com.networknt.exception,0.102,0.0886,0.0635,0.0,7,com.networknt.exception.ExceptionConfig,0.5500,0.2433,1,1,0,1,0,1,0,1,0,0,0,0,0,0,0,5,5,5,0,0,0,0,0,0,0,0.6,0.6,10,0.8,5,2,2,0,0,0,0,1,0,0,1
com.networknt.exception,0.102,0.0886,0.0635,0.0,7,com.networknt.exception.FrameworkException,0.6667,0.4667,2,1,0,1,1,1,1,1,0,0,5,0,1,0,1,3,3,3,0,0,0,0,0,0,0,1.0,1.0,3,0.8333333333333333,3,2,2,0,2,0,1,0,2,0,1
com.networknt.exception,0.102,0.0886,0.0635,0.0,7,com.networknt.exception.ClientException,0.7381,0.5952,1,1,0,1,0,1,0,1,0,0,22,0,0,0,0,7,7,7,0,0,2,0,0,0,0,0.047619047619047616,0.047619047619047616,21,0.9285714285714286,7,2,2,0,2,0,2,0,1,0,1
com.networknt.exception,0.102,0.0886,0.0635,0.0,7,com.networknt.exception.ExpiredTokenException,1.0000,1.0000,0,0,0,0,0,0,0,1,0,0,1,0,0,0,0,4,4,4,0,0,0,0,0,0,0,0.0,0.0,6,1.0,4,1,1,0,1,0,1,0,1,0,1
com.networknt.exception,0.102,0.0886,0.0635,0.0,7,com.networknt.exception.ExceptionHandler,0.5333,0.2356,9,5,4,1,4,1,8,1,0,0,0,0,11,4,11,6,6,6,0,0,0,0,0,0,0,1.0,1.0,13,0.8055555555555557,6,6,6,1,1,0,5,4,5,0,1
com.networknt.handler.config,0.0,0.1309,0.0,0.0317,5,com.networknt.handler.config.HandlerPath,0.6556,0.2841,0,0,0,0,0,0,0,1,0,0,0,0,0,0,0,10,10,10,0,0,0,0,0,0,0,1.0,1.0,45,0.9,10,5,5,0,5,0,0,0,0,0,1
com.networknt.handler.config,0.0,0.1309,0.0,0.0317,5,com.networknt.handler.config.PathChain,0.7222,0.3241,3,0,0,0,3,3,0,1,0,0,3,0,0,0,0,10,10,10,0,0,0,0,0,0,0,1.0,1.0,29,0.7249999999999999,10,4,4,0,4,0,0,0,0,0,1
com.networknt.handler.config,0.0,0.1309,0.0,0.0317,5,com.networknt.handler.config.NamedMiddlewareChain,0.5833,0.2556,0,0,0,0,0,0,0,1,0,0,0,0,0,0,0,4,4,4,0,0,0,0,0,0,0,1.0,1.0,6,0.75,4,2,2,0,2,0,0,0,0,0,1
com.networknt.handler.config,0.0,0.1309,0.0,0.0317,5,com.networknt.handler.config.PathHandler,0.5833,0.2556,0,0,0,0,0,0,0,1,0,0,0,0,0,0,0,4,4,4,0,0,0,0,0,0,0,1.0,1.0,6,0.75,4,2,2,0,2,0,0,0,0,0,1
com.networknt.handler.config,0.0,0.1309,0.0,0.0317,5,com.networknt.handler.config.HandlerConfig,0.6222,0.2641,3,0,0,0,3,3,0,1,0,0,1,0,0,0,0,10,10,10,0,0,0,0,0,0,0,1.0,1.0,45,0.9,10,5,5,0,5,0,0,0,0,0,1
com.networknt.handler,0.125,0.7826,0.0476,0.2857,4,com.networknt.handler.Handler,0.7548,0.3029,27,2,0,2,25,23,4,1,0,0,22,0,35,3,22,21,15,9,6,0,21,6,0,0,0,1.0,1.0,132,0.8658008658008658,21,12,11,1,5,0,11,5,7,0,1
com.networknt.handler,0.125,0.7826,0.0476,0.2857,4,com.networknt.handler.HandlerTest,0.8571,0.3095,3,1,1,0,2,0,3,1,0,0,0,0,9,3,8,7,6,6,1,0,0,0,0,0,0,0.0,0.0,21,0,7,0,0,0,0,0,0,0,0,0,1
com.networknt.handler,0.125,0.7826,0.0476,0.2857,4,com.networknt.handler.OrchestrationHandler,0.6667,0.5000,1,1,1,0,0,0,1,1,0,0,1,0,5,4,5,3,3,3,0,0,0,0,0,0,0,1.0,1.0,3,0.6666666666666666,3,1,1,0,0,0,1,1,1,0,1
com.networknt.handler,0.125,0.7826,0.0476,0.2857,4,com.networknt.handler.PathChainTest,1.0000,0.3333,1,0,0,0,1,0,1,1,0,0,0,0,4,0,4,7,7,7,0,0,0,0,0,0,0,0.0,0.0,21,0,7,0,0,0,0,0,0,0,0,0,1
com.networknt.handler.sample,0.0,0.0,0.0,0.0,3,com.networknt.handler.sample.SampleHttpHandler1,1.0000,1.0000,0,0,0,0,0,0,0,1,0,0,0,0,0,0,0,1,1,1,0,0,0,0,0,0,0,1,1,0,0,1,0,0,0,0,0,0,0,0,0,1
com.networknt.handler.sample,0.0,0.0,0.0,0.0,3,com.networknt.handler.sample.SampleHttpHandler2,1.0000,1.0000,0,0,0,0,0,0,0,1,0,0,0,0,0,0,0,1,1,1,0,0,0,0,0,0,0,1,1,0,0,1,0,0,0,0,0,0,0,0,0,1
com.networknt.handler.sample,0.0,0.0,0.0,0.0,3,com.networknt.handler.sample.SampleHttpHandler3,1.0000,1.0000,0,0,0,0,0,0,0,1,0,0,0,0,0,0,0,1,1,1,0,0,0,0,0,0,0,1,1,0,0,1,0,0,0,0,0,0,0,0,0,1
com.networknt.header,0.25,0.0923,0.0476,0.0,2,com.networknt.header.HeaderHandler,0.5333,0.2356,4,1,0,1,3,1,3,1,0,0,0,0,4,3,4,6,6,6,0,0,0,0,0,0,0,0.6666666666666666,0.6666666666666666,11,0.8333333333333334,6,9,9,7,1,0,8,1,8,0,1
com.networknt.header,0.25,0.0923,0.0476,0.0,2,com.networknt.header.HeaderHandlerTest,0.7500,0.2917,1,1,1,0,0,0,1,1,0,0,0,0,2,0,1,4,4,3,0,0,3,1,0,0,0,1.0,1.0,0,0.5,4,2,2,0,0,0,2,2,1,0,1
com.networknt.health,0.0,0.0,0.0,0.0,3,com.networknt.health.HealthGetHandler,0.5000,0.2500,0,0,0,0,0,0,0,1,0,0,0,0,0,0,0,2,2,2,0,0,0,0,0,0,0,0.0,0.0,1,1.0,2,2,2,1,0,0,2,1,2,0,1
com.networknt.health,0.0,0.0,0.0,0.0,3,com.networknt.health.HealthGetHandlerTest,0.7500,0.2917,0,0,0,0,0,0,0,1,0,0,0,0,1,0,0,4,4,3,0,0,3,1,0,0,0,1.0,1.0,0,0.5,4,2,2,0,0,0,2,2,1,0,1
com.networknt.health,0.0,0.0,0.0,0.0,3,com.networknt.health.HealthConfig,0.5000,0.2333,0,0,0,0,0,0,0,1,0,0,0,0,0,0,0,3,3,3,0,0,0,0,0,0,0,0.3333333333333333,0.3333333333333333,3,0.6666666666666666,3,1,1,0,0,0,0,1,0,0,1
com.networknt.url,0.1389,0.0159,0.0159,0.0,6,com.networknt.url.URLNormalizer,0.7270,0.3440,3,2,1,1,1,1,2,1,0,0,0,0,28,16,18,36,29,29,7,0,3,0,0,0,0,0.8004926108374384,0.8004926108374384,512,0.9206349206349207,36,7,7,0,7,0,6,0,6,0,1
com.networknt.url,0.1389,0.0159,0.0159,0.0,6,com.networknt.url.HttpURL,0.5919,0.2780,5,3,1,2,2,2,3,1,0,0,0,0,17,8,10,33,33,33,0,0,6,0,0,0,0,0.7689393939393939,0.7689393939393939,448,0.8964646464646465,33,12,12,4,8,0,5,0,6,0,1
com.networknt.url,0.1389,0.0159,0.0159,0.0,6,com.networknt.url.QueryStringTest,1.0000,0.3333,1,1,1,0,0,0,1,1,0,0,0,0,1,0,1,2,2,2,0,0,0,0,0,0,0,0.0,0.0,1,0,2,0,0,0,0,0,0,0,0,0,1
com.networknt.url,0.1389,0.0159,0.0159,0.0,6,com.networknt.url.QueryString,0.6182,0.3764,3,2,0,2,1,2,1,1,0,0,0,0,6,3,3,11,11,11,0,0,0,0,0,1,1,1.0,1.0,47,0.8484848484848486,11,3,3,0,3,0,1,0,2,0,1
com.networknt.url,0.1389,0.0159,0.0159,0.0,6,com.networknt.url.HttpURLTest,1.0000,0.3333,1,1,1,0,0,0,1,1,0,0,0,0,2,1,2,21,21,21,0,0,0,0,0,0,0,1.0,1.0,0,0.25396825396825395,21,3,3,0,3,0,0,0,1,0,1
com.networknt.url,0.1389,0.0159,0.0159,0.0,6,com.networknt.url.URLNormalizerTest,0.9643,0.3274,1,1,1,0,0,0,1,1,0,0,0,0,27,0,26,28,27,27,1,0,0,0,0,0,0,1.0,1.0,0,0.03571428571428571,28,2,2,0,2,0,0,0,0,0,1
com.networknt.info,0.0625,0.0786,0.0635,0.0,4,com.networknt.info.ServerInfoConfig,0.5000,0.2333,1,1,0,1,0,1,0,1,0,0,0,0,0,0,0,3,3,3,0,0,0,0,0,0,0,0.3333333333333333,0.3333333333333333,3,0.6666666666666666,3,1,1,0,0,0,0,1,0,0,1
com.networknt.info,0.0625,0.0786,0.0635,0.0,4,com.networknt.info.ServerInfoGetHandlerTest,0.7500,0.2917,0,0,0,0,0,0,0,1,0,0,0,0,1,0,0,4,4,3,0,0,3,1,0,0,0,1.0,1.0,0,0.5,4,2,2,0,0,0,2,2,1,0,1
com.networknt.info,0.0625,0.0786,0.0635,0.0,4,com.networknt.info.ServerInfoDisabledTest,0.8000,0.3000,2,0,0,0,2,0,2,1,0,0,0,0,7,1,5,5,5,3,0,0,4,2,0,0,0,1.0,1.0,4,0.6000000000000001,5,3,3,0,0,0,3,3,1,0,1
com.networknt.info,0.0625,0.0786,0.0635,0.0,4,com.networknt.info.ServerInfoGetHandler,0.6778,0.3167,6,1,1,0,5,0,6,1,0,0,0,0,20,6,12,10,9,9,1,0,0,0,0,0,0,0.7777777777777778,0.7777777777777778,45,0.9,10,3,3,1,0,0,3,2,3,0,1
com.networknt.whitelist,0.16,0.044,0.0476,0.0,5,com.networknt.whitelist.WhitelistConfig,0.8485,0.3106,2,2,1,1,0,1,1,1,0,0,0,0,9,0,2,12,5,5,7,0,0,0,0,0,0,1.0,1.0,34,0.8611111111111112,12,9,9,0,6,0,6,3,6,0,1
com.networknt.whitelist,0.16,0.044,0.0476,0.0,5,com.networknt.whitelist.WhitelistConfigTest,1.0000,1.0000,1,0,0,0,1,0,1,1,0,0,0,0,2,1,2,1,1,1,0,0,0,0,0,0,0,1,1,0,0,1,0,0,0,0,0,0,0,0,0,1
com.networknt.whitelist,0.16,0.044,0.0476,0.0,5,com.networknt.whitelist.IpAcl,0.6667,0.3056,2,2,0,2,0,2,0,1,0,0,0,0,0,0,0,4,4,4,0,0,0,0,0,0,0,1.0,1.0,6,0.75,4,2,2,0,2,0,0,0,0,0,1
com.networknt.whitelist,0.16,0.044,0.0476,0.0,5,com.networknt.whitelist.WhitelistHandlerTest,0.8333,0.3056,1,1,1,0,0,0,1,1,0,0,0,0,2,0,1,6,6,5,0,0,3,1,0,0,0,1.0,1.0,0,0.5,6,2,2,0,0,0,2,2,1,0,1
com.networknt.whitelist,0.16,0.044,0.0476,0.0,5,com.networknt.whitelist.WhitelistHandler,0.5476,0.2444,6,3,2,1,3,1,5,1,0,0,0,0,11,3,10,7,7,6,0,0,0,1,0,0,0,1.0,1.0,19,0.8285714285714285,7,5,5,1,4,0,4,0,3,0,1
com.networknt.mask,0.25,0.2083,0.0317,0.0476,2,com.networknt.mask.Mask,0.8056,0.4815,8,1,0,1,7,6,2,1,0,0,7,0,9,4,5,9,6,6,3,0,9,0,0,0,0,0.6666666666666666,0.6666666666666666,22,0.8333333333333333,9,8,8,4,2,0,8,2,6,0,1
com.networknt.mask,0.25,0.2083,0.0317,0.0476,2,com.networknt.mask.MaskTest,1.0000,0.3333,1,1,1,0,0,0,1,1,0,0,0,0,3,3,3,7,7,7,0,0,1,0,0,0,0,0.0,0.0,21,0,7,0,0,0,0,0,0,0,0,0,1
com.networknt.metrics,0.0,0.0,0.0,0.0,3,com.networknt.metrics.MetricsHandler,-1.0000,-1.0000,0,0,0,0,0,0,0,1,0,0,0,0,0,0,0,0,0,0,0,0,0,0,0,0,0,-1,-1,0,0,0,4,4,2,0,0,4,2,3,0,1
com.networknt.metrics,0.0,0.0,0.0,0.0,3,com.networknt.metrics.MetricsConfig,0.6520,0.2825,0,0,0,0,0,0,0,1,0,0,0,0,0,0,0,19,19,19,0,0,0,0,0,0,0,0.8947368421052632,0.8947368421052632,171,0.9473684210526316,19,9,9,0,0,0,0,8,0,0,1
com.networknt.metrics,0.0,0.0,0.0,0.0,3,com.networknt.metrics.MetricsHandlerTest,0.7500,0.2917,0,0,0,0,0,0,0,1,0,0,0,0,1,0,0,4,4,3,0,0,3,1,0,0,0,1.0,1.0,0,0.5,4,2,2,0,0,0,2,2,1,0,1
io.dropwizard.metrics,0.0231,0.0625,0.0,0.0317,72,io.dropwizard.metrics.SlidingTimeWindowReservoirTest,1.0000,0.3333,3,3,3,0,0,0,3,1,0,0,0,0,4,0,4,2,2,2,0,0,0,0,0,0,0,1.0,1.0,0,0.0,2,2,2,0,2,0,0,0,2,0,1
io.dropwizard.metrics,0.0231,0.0625,0.0,0.0317,72,io.dropwizard.metrics.MeterApproximationTest,0.6000,0.2567,2,2,2,0,0,0,2,1,0,0,0,0,7,0,6,6,5,5,1,0,1,0,0,0,0,0.3,0.3,3,0.3333333333333333,6,1,1,0,1,0,0,0,1,0,1
io.dropwizard.metrics,0.0231,0.0625,0.0,0.0317,72,io.dropwizard.metrics.DefaultObjectNameFactoryTest,1.0000,0.3333,2,2,2,0,0,0,2,1,0,0,0,0,2,1,2,2,2,2,0,0,0,0,0,0,0,0.0,0.0,1,0,2,0,0,0,0,0,0,0,0,0,1
io.dropwizard.metrics,0.0231,0.0625,0.0,0.0317,72,io.dropwizard.metrics.SlidingWindowReservoirTest,1.0000,0.3333,2,2,2,0,0,0,2,1,0,0,0,0,3,0,3,2,2,2,0,0,0,0,0,0,0,1.0,1.0,0,0.0,2,1,1,0,1,0,0,0,1,0,1
io.dropwizard.metrics,0.0231,0.0625,0.0,0.0317,72,io.dropwizard.metrics.InstrumentedThreadFactoryTest,1.0000,1.0000,2,2,2,0,0,0,2,1,0,0,0,0,2,0,2,1,1,1,0,0,0,0,0,0,0,1,1,0,0.4,1,5,5,0,5,0,1,0,5,0,1
io.dropwizard.metrics,0.0231,0.0625,0.0,0.0317,72,io.dropwizard.metrics.HdrHistogramReservoir,0.5333,0.2700,1,1,1,0,0,0,1,1,0,0,0,0,3,0,1,6,5,5,1,0,0,0,0,0,1,0.6,0.6,11,0.6666666666666666,6,3,3,0,3,0,0,0,2,0,0
io.dropwizard.metrics,0.0231,0.0625,0.0,0.0317,72,io.dropwizard.metrics.MetricRegistry,0.5398,0.2427,13,12,1,11,1,12,1,1,0,0,13,0,33,2,14,39,33,32,6,1,2,0,0,0,0,0.8238636363636364,0.8238636363636364,633,0.8076923076923077,39,2,2,0,2,0,0,0,2,0,1
io.dropwizard.metrics,0.0231,0.0625,0.0,0.0317,72,io.dropwizard.metrics.TimerTest,1.0000,0.3333,1,1,1,0,0,0,1,1,0,0,0,0,10,0,10,8,8,8,0,0,0,0,0,0,0,1.0,1.0,0,0.4166666666666667,8,3,3,0,3,0,0,0,3,0,1
io.dropwizard.metrics,0.0231,0.0625,0.0,0.0317,72,io.dropwizard.metrics.InstrumentedExecutorServiceTest,1.0000,0.3333,6,6,6,0,0,0,6,1,0,0,0,0,9,0,9,3,3,3,0,0,0,0,0,0,0,1.0,1.0,0,0.16666666666666666,3,2,2,0,2,0,0,0,1,0,1
io.dropwizard.metrics,0.0231,0.0625,0.0,0.0317,72,io.dropwizard.metrics.DerivativeGaugeTest,1.0000,1.0000,0,0,0,0,0,0,0,1,0,0,0,0,0,0,0,1,1,1,0,0,0,0,0,0,0,1,1,0,0.5,1,2,2,0,2,0,0,0,2,0,1
io.dropwizard.metrics,0.0231,0.0625,0.0,0.0317,72,io.dropwizard.metrics.Counter,0.6429,0.3302,11,9,1,8,2,10,1,1,0,0,12,0,5,1,3,7,7,7,0,0,0,0,0,0,0,1.0,1.0,1,0.2857142857142857,7,1,1,0,1,0,0,0,1,0,1
io.dropwizard.metrics,0.0231,0.0625,0.0,0.0317,72,io.dropwizard.metrics.HdrHistogramResetOnSnapshotReservoir,0.5333,0.2700,1,1,1,0,0,0,1,1,0,0,0,0,3,0,1,6,5,5,1,0,0,0,0,0,1,0.3,0.3,11,0.6666666666666666,6,2,2,0,2,0,0,0,1,0,0
io.dropwizard.metrics,0.0231,0.0625,0.0,0.0317,72,io.dropwizard.metrics.EWMATest,1.0000,0.3333,1,1,1,0,0,0,1,1,0,0,0,0,7,3,6,4,3,3,1,0,0,0,0,0,0,0.0,0.0,6,0,4,0,0,0,0,0,0,0,0,0,1
io.dropwizard.metrics,0.0231,0.0625,0.0,0.0317,72,io.dropwizard.metrics.WeightedSnapshot,0.5556,0.2444,1,1,1,0,0,0,1,2,0,0,1,8,1,0,0,9,9,9,0,0,0,0,0,0,0,1.0,1.0,0,0.6388888888888888,9,4,4,0,4,0,1,0,4,0,1
io.dropwizard.metrics,0.0231,0.0625,0.0,0.0317,72,io.dropwizard.metrics.JmxAttributeGaugeTest,1.0000,0.3333,1,1,1,0,0,0,1,1,0,0,0,0,2,0,1,8,7,7,1,0,3,0,0,0,0,0.7142857142857143,0.7142857142857143,0,0.4375,8,2,2,0,2,0,2,0,2,0,1
io.dropwizard.metrics,0.0231,0.0625,0.0,0.0317,72,io.dropwizard.metrics.SharedMetricRegistries,0.6528,0.3204,1,1,0,1,0,1,0,1,0,0,1,0,3,0,0,9,8,8,1,0,8,0,0,0,1,1.0,1.0,16,0.6666666666666666,9,2,2,0,2,0,2,0,1,0,1
io.dropwizard.metrics,0.0231,0.0625,0.0,0.0317,72,io.dropwizard.metrics.RatioGaugeTest,1.0000,0.3333,1,1,1,0,0,0,1,1,0,0,0,0,3,1,3,5,5,5,0,0,0,0,0,0,0,0.0,0.0,10,0,5,0,0,0,0,0,0,0,0,0,1
io.dropwizard.metrics,0.0231,0.0625,0.0,0.0317,72,io.dropwizard.metrics.UnsafeLongAdderImpl,0.6000,0.2619,1,1,1,0,0,0,1,2,0,0,0,1,6,0,4,15,13,12,2,0,0,0,0,1,0,0.0,0.0,105,1.0,15,1,1,0,1,0,1,0,1,0,0
io.dropwizard.metrics,0.0231,0.0625,0.0,0.0317,72,io.dropwizard.metrics.MeterTest,1.0000,0.3333,2,2,2,0,0,0,2,1,0,0,0,0,7,0,7,3,3,3,0,0,0,0,0,0,0,1.0,1.0,1,0.5,3,2,2,0,2,0,0,0,2,0,1
io.dropwizard.metrics,0.0231,0.0625,0.0,0.0317,72,io.dropwizard.metrics.Meter,0.5909,0.2885,19,17,2,15,2,17,2,1,0,0,14,0,11,1,7,11,10,10,1,0,0,0,0,0,0,0.8,0.8,23,0.7613636363636364,11,8,8,0,8,0,1,0,8,0,1
io.dropwizard.metrics,0.0231,0.0625,0.0,0.0317,72,io.dropwizard.metrics.InstrumentedThreadFactory,0.6667,0.4667,2,2,2,0,0,0,2,1,0,0,1,0,4,1,4,3,3,3,0,0,0,0,0,0,0,1.0,1.0,1,0.5999999999999999,3,5,5,0,5,0,1,0,5,0,1
io.dropwizard.metrics,0.0231,0.0625,0.0,0.0317,72,io.dropwizard.metrics.UniformReservoirTest,1.0000,1.0000,2,2,2,0,0,0,2,1,0,0,0,0,5,0,5,1,1,1,0,0,0,0,0,0,0,1,1,0,0,1,0,0,0,0,0,0,0,0,0,1
io.dropwizard.metrics,0.0231,0.0625,0.0,0.0317,72,io.dropwizard.metrics.DefaultObjectNameFactory,1.0000,1.0000,2,2,1,1,0,1,1,1,0,0,1,0,1,0,1,1,1,1,0,0,0,0,0,0,0,1,1,0,0.0,1,1,1,0,1,0,1,0,1,0,1
io.dropwizard.metrics,0.0231,0.0625,0.0,0.0317,72,io.dropwizard.metrics.Histogram,0.5333,0.2800,12,10,2,8,2,10,2,1,0,0,11,0,8,1,6,6,6,6,0,0,0,0,0,0,0,1.0,1.0,7,0.5833333333333333,6,2,2,0,2,0,0,0,2,0,1
io.dropwizard.metrics,0.0231,0.0625,0.0,0.0317,72,io.dropwizard.metrics.ExponentiallyDecayingReservoirTest,1.0000,0.3333,3,3,3,0,0,0,3,1,0,0,0,0,12,0,11,8,7,7,1,0,1,0,0,0,0,0.0,0.0,28,0,8,0,0,0,0,0,0,0,0,0,1
io.dropwizard.metrics,0.0231,0.0625,0.0,0.0317,72,io.dropwizard.metrics.MetricFilterTest,1.0000,1.0000,1,1,1,0,0,0,1,1,0,0,0,0,2,1,2,1,1,1,0,0,0,0,0,0,0,1,1,0,0,1,0,0,0,0,0,0,0,0,0,1
io.dropwizard.metrics,0.0231,0.0625,0.0,0.0317,72,io.dropwizard.metrics.MetricNameTest,1.0000,0.3333,1,1,1,0,0,0,1,1,0,0,0,0,6,1,6,10,10,10,0,0,0,0,0,0,0,0.0,0.0,45,0,10,0,0,0,0,0,0,0,0,0,1
io.dropwizard.metrics,0.0231,0.0625,0.0,0.0317,72,io.dropwizard.metrics.InstrumentedExecutorsTest,1.0000,0.3333,3,3,3,0,0,0,3,1,0,0,0,0,9,7,9,19,19,19,0,0,0,0,0,0,0,1.0,1.0,0,0.23684210526315788,19,2,2,0,2,0,0,0,1,0,1
io.dropwizard.metrics,0.0231,0.0625,0.0,0.0317,72,io.dropwizard.metrics.UniformSnapshotTest,1.0000,0.3333,1,1,1,0,0,0,1,1,0,0,0,0,14,0,14,24,24,24,0,0,0,0,0,0,0,1.0,1.0,0,0.25,24,1,1,0,1,0,0,0,1,0,1
io.dropwizard.metrics,0.0231,0.0625,0.0,0.0317,72,io.dropwizard.metrics.InstrumentedExecutors,0.6667,0.3533,1,1,0,1,0,1,0,1,0,0,1,0,0,0,0,25,24,24,1,0,24,0,0,0,0,0.0,0.0,300,0,25,0,0,0,0,0,0,0,0,0,0
io.dropwizard.metrics,0.0231,0.0625,0.0,0.0317,72,io.dropwizard.metrics.CachedGauge,0.5667,0.2733,1,1,1,0,0,0,1,1,0,0,1,0,2,1,2,6,5,2,1,3,0,0,1,0,0,0.6,0.6,13,0.75,6,4,4,0,4,0,0,0,3,0,0
io.dropwizard.metrics,0.0231,0.0625,0.0,0.0317,72,io.dropwizard.metrics.DerivativeGauge,0.3333,0.1333,0,0,0,0,0,0,0,1,0,0,1,0,0,0,0,3,3,1,0,2,0,0,1,0,0,0.3333333333333333,0.3333333333333333,3,0.6666666666666666,3,1,1,0,1,0,0,0,1,0,0
io.dropwizard.metrics,0.0231,0.0625,0.0,0.0317,72,io.dropwizard.metrics.ScheduledReporterTest,0.7500,0.2917,3,3,3,0,0,0,3,1,0,0,0,0,5,1,4,4,3,3,1,0,0,0,0,0,0,1.0,1.0,0,0.5,4,7,7,0,7,0,0,0,7,0,1
io.dropwizard.metrics,0.0231,0.0625,0.0,0.0317,72,io.dropwizard.metrics.HistogramSnapshot,0.5556,0.2444,1,1,1,0,0,0,1,2,0,0,0,8,0,0,0,9,9,8,0,0,0,1,0,0,0,1.0,1.0,0,0.5,9,2,2,0,2,0,1,0,2,0,16
io.dropwizard.metrics,0.0231,0.0625,0.0,0.0317,72,io.dropwizard.metrics.Slf4jReporter,0.6778,0.2778,8,8,7,1,0,1,7,2,0,0,1,2,39,2,33,10,3,2,7,1,1,0,0,0,0,0.3333333333333333,0.3333333333333333,5,0.4000000000000001,10,3,3,0,3,0,0,0,3,0,1
io.dropwizard.metrics,0.0231,0.0625,0.0,0.0317,72,io.dropwizard.metrics.EWMA,0.5952,0.2730,2,2,0,2,0,2,0,1,0,0,1,0,2,0,2,7,7,7,0,0,3,0,0,0,1,1.0,1.0,11,0.868131868131868,7,13,13,0,13,0,8,0,11,0,1
io.dropwizard.metrics,0.0231,0.0625,0.0,0.0317,72,io.dropwizard.metrics.JmxReporterTest,0.8526,0.3081,8,8,8,0,0,0,8,1,0,0,0,0,39,2,37,13,11,11,2,0,0,0,0,0,0,1.0,1.0,62,0.8741258741258741,13,11,11,0,11,0,0,0,11,0,1
io.dropwizard.metrics,0.0231,0.0625,0.0,0.0317,72,io.dropwizard.metrics.Timer,0.5571,0.2781,14,11,3,8,3,11,3,1,0,0,13,0,16,1,10,15,14,14,1,0,0,0,0,0,0,0.7252747252747253,0.7252747252747253,59,0.7111111111111111,15,3,3,0,3,0,0,0,3,0,1
io.dropwizard.metrics,0.0231,0.0625,0.0,0.0317,72,io.dropwizard.metrics.JmxAttributeGauge,0.5833,0.3333,1,1,0,1,0,1,0,1,0,0,0,0,1,0,0,4,3,3,1,0,0,0,0,0,0,0.3333333333333333,0.3333333333333333,4,0.6666666666666666,4,3,3,0,3,0,0,0,3,0,1
io.dropwizard.metrics,0.0231,0.0625,0.0,0.0317,72,io.dropwizard.metrics.SlidingTimeWindowReservoir,0.5476,0.2683,2,2,1,1,0,1,1,1,0,0,1,0,4,1,2,7,5,5,2,0,0,0,0,0,0,0.6,0.6,0,0.7142857142857143,7,7,7,0,7,0,2,0,7,0,1
io.dropwizard.metrics,0.0231,0.0625,0.0,0.0317,72,io.dropwizard.metrics.MetricRegistryListenerTest,1.0000,0.3333,0,0,0,0,0,0,0,1,0,0,0,0,10,0,10,6,6,6,0,0,0,0,0,0,0,1.0,1.0,0,0.5952380952380952,6,7,7,0,7,0,1,0,7,0,1
io.dropwizard.metrics,0.0231,0.0625,0.0,0.0317,72,io.dropwizard.metrics.Clock,0.5833,0.2500,11,11,0,11,0,11,0,1,3,0,7,0,1,0,0,4,4,4,0,0,1,0,1,0,0,0.0,0.0,6,0.75,4,1,1,0,1,0,1,0,1,0,0
io.dropwizard.metrics,0.0231,0.0625,0.0,0.0317,72,io.dropwizard.metrics.InstrumentedScheduledExecutorService,0.5395,0.2475,3,3,2,1,0,1,2,1,0,0,2,0,7,1,6,20,19,19,1,0,0,0,0,0,0,1.0,1.0,0,0.8099999999999999,20,10,10,0,10,0,1,0,10,0,1
io.dropwizard.metrics,0.0231,0.0625,0.0,0.0317,72,io.dropwizard.metrics.UnsafeStriped64,0.2667,0.1667,1,1,0,1,0,1,0,1,1,0,0,0,4,0,1,6,6,0,0,0,0,1,1,4,0,1.0,1.0,13,0.9166666666666666,6,8,8,0,3,0,5,2,5,0,1024
io.dropwizard.metrics,0.0231,0.0625,0.0,0.0317,72,io.dropwizard.metrics.SharedMetricRegistriesTest,1.0000,0.3333,1,1,1,0,0,0,1,1,0,0,0,0,6,6,6,9,9,9,0,0,0,0,0,0,0,0.0,0.0,36,0,9,0,0,0,0,0,0,0,0,0,1
io.dropwizard.metrics,0.0231,0.0625,0.0,0.0317,72,io.dropwizard.metrics.RatioGauge,0.5000,0.2000,1,1,0,1,0,1,0,1,0,0,1,0,2,0,1,2,2,1,0,1,0,0,1,0,0,0.0,0.0,1,0,2,0,0,0,0,0,0,0,0,0,0
io.dropwizard.metrics,0.0231,0.0625,0.0,0.0317,72,io.dropwizard.metrics.JmxReporter,0.6000,0.2567,2,2,1,1,0,1,1,1,0,0,1,0,4,0,3,6,5,4,1,0,1,1,0,0,0,1.0,1.0,9,0.7222222222222222,6,3,3,0,3,0,1,0,3,0,1
io.dropwizard.metrics,0.0231,0.0625,0.0,0.0317,72,io.dropwizard.metrics.JvmAttributeGaugeSet,0.6667,0.4667,2,2,1,1,0,1,1,1,0,0,1,0,1,1,1,3,3,3,0,0,0,0,0,0,0,1.0,1.0,3,0.6666666666666666,3,1,1,0,1,0,0,0,1,0,1
io.dropwizard.metrics,0.0231,0.0625,0.0,0.0317,72,io.dropwizard.metrics.MetricName,0.5994,0.2713,16,13,0,13,3,16,0,1,0,0,13,0,8,0,0,19,14,14,5,0,3,0,0,0,0,1.0,1.0,57,0.7473684210526316,19,5,5,3,2,0,3,0,5,0,1
io.dropwizard.metrics,0.0231,0.0625,0.0,0.0317,72,io.dropwizard.metrics.WeightedSnapshotTest,1.0000,0.3333,1,1,1,0,0,0,1,1,0,0,0,0,15,1,15,26,26,26,0,0,0,0,0,0,0,1.0,1.0,19,0.3076923076923077,26,1,1,0,1,0,0,0,1,0,1
io.dropwizard.metrics,0.0231,0.0625,0.0,0.0317,72,io.dropwizard.metrics.ConsoleReporter,0.7917,0.2972,9,8,7,1,1,2,7,2,0,0,2,1,36,0,30,9,2,2,7,0,1,0,0,0,0,0.0,0.0,0,0.6444444444444444,9,5,5,0,5,0,1,0,5,0,1
io.dropwizard.metrics,0.0231,0.0625,0.0,0.0317,72,io.dropwizard.metrics.MetricRegistryTest,1.0000,0.3333,2,2,2,0,0,0,2,1,0,0,0,0,19,2,19,35,35,35,0,0,0,0,0,0,0,1.0,1.0,0,0.7676190476190478,35,15,15,0,15,0,8,0,15,0,1
io.dropwizard.metrics,0.0231,0.0625,0.0,0.0317,72,io.dropwizard.metrics.HistogramTest,1.0000,0.3333,1,1,1,0,0,0,1,1,0,0,0,0,4,0,4,3,3,3,0,0,0,0,0,0,0,1.0,1.0,0,0.16666666666666666,3,2,2,0,2,0,0,0,2,0,1
io.dropwizard.metrics,0.0231,0.0625,0.0,0.0317,72,io.dropwizard.metrics.ExponentiallyDecayingReservoir,0.6476,0.2914,2,2,1,1,0,1,1,1,0,0,2,0,12,1,3,15,7,7,8,0,0,0,0,0,0,1.0,1.0,59,0.8181818181818182,15,11,11,0,11,0,3,0,10,0,1
io.dropwizard.metrics,0.0231,0.0625,0.0,0.0317,72,io.dropwizard.metrics.SlidingWindowReservoir,0.5000,0.2250,1,1,0,1,0,1,0,1,0,0,1,0,1,0,0,4,4,4,0,0,0,0,0,0,2,1.0,1.0,0,0.25,4,2,2,0,2,0,0,0,1,0,1
io.dropwizard.metrics,0.0231,0.0625,0.0,0.0317,72,io.dropwizard.metrics.CachedGaugeTest,1.0000,0.3333,0,0,0,0,0,0,0,1,0,0,0,0,0,0,0,2,2,2,0,0,0,0,0,0,0,1.0,1.0,0,0.5,2,2,2,0,2,0,0,0,2,0,1
io.dropwizard.metrics,0.0231,0.0625,0.0,0.0317,72,io.dropwizard.metrics.ClockTest,1.0000,0.3333,1,1,1,0,0,0,1,1,0,0,0,0,4,1,4,3,3,3,0,0,0,0,0,0,0,0.0,0.0,3,0,3,0,0,0,0,0,0,0,0,0,1
io.dropwizard.metrics,0.0231,0.0625,0.0,0.0317,72,io.dropwizard.metrics.Slf4jReporterTest,0.7949,0.3064,7,7,7,0,0,0,7,1,0,0,0,0,29,1,27,13,10,10,3,0,0,0,0,0,0,1.0,1.0,0,0.5384615384615385,13,5,5,0,5,0,0,0,5,0,1
io.dropwizard.metrics,0.0231,0.0625,0.0,0.0317,72,io.dropwizard.metrics.Snapshot,0.5659,0.2890,21,19,0,19,2,21,0,1,3,0,12,0,1,0,0,14,14,14,0,0,0,0,8,0,0,0.0,0.0,91,0,14,0,0,0,0,0,0,0,0,0,0
io.dropwizard.metrics,0.0231,0.0625,0.0,0.0317,72,io.dropwizard.metrics.LongAdderFactory,0.5000,0.2000,3,3,0,3,0,3,0,1,0,0,0,0,0,0,0,2,1,0,1,0,1,1,0,0,0,1,1,1,0.7142857142857143,2,7,7,0,7,0,7,0,7,0,16
io.dropwizard.metrics,0.0231,0.0625,0.0,0.0317,72,io.dropwizard.metrics.UniformReservoir,0.5333,0.2700,1,1,0,1,0,1,0,1,0,0,1,0,2,0,0,6,5,5,1,0,1,0,0,0,0,1.0,1.0,3,0.6250000000000001,6,4,4,0,4,0,2,0,4,0,1
io.dropwizard.metrics,0.0231,0.0625,0.0,0.0317,72,io.dropwizard.metrics.ConsoleReporterTest,0.6889,0.2956,8,8,8,0,0,0,8,1,0,0,0,0,31,1,28,10,6,6,4,0,0,0,0,0,0,1.0,1.0,25,0.86,10,5,5,0,5,0,0,0,5,0,1
io.dropwizard.metrics,0.0231,0.0625,0.0,0.0317,72,io.dropwizard.metrics.ScheduledReporter,0.5303,0.2521,6,4,1,3,2,5,1,1,3,0,3,0,8,0,5,12,11,5,1,6,0,0,1,0,0,1.0,1.0,60,0.8796296296296297,12,9,9,0,9,0,2,0,9,0,0
io.dropwizard.metrics,0.0231,0.0625,0.0,0.0317,72,io.dropwizard.metrics.JvmAttributeGaugeSetTest,1.0000,0.3333,2,2,2,0,0,0,2,1,0,0,0,0,3,1,3,6,6,6,0,0,0,0,0,0,0,1.0,1.0,3,0.5833333333333334,6,2,2,0,2,0,0,0,2,0,1
io.dropwizard.metrics,0.0231,0.0625,0.0,0.0317,72,io.dropwizard.metrics.InstrumentedScheduledExecutorServiceTest,1.0000,0.3333,6,6,6,0,0,0,6,1,0,0,0,0,11,0,11,6,6,6,0,0,0,0,0,0,0,1.0,1.0,0,0.3030303030303029,6,11,11,0,3,0,0,0,11,0,1
io.dropwizard.metrics,0.0231,0.0625,0.0,0.0317,72,io.dropwizard.metrics.Striped64,0.2667,0.1667,1,1,0,1,0,1,0,1,1,0,0,0,4,0,1,6,6,0,0,0,0,1,1,4,0,1.0,1.0,13,0.857142857142857,6,7,7,0,0,0,4,4,4,0,1024
io.dropwizard.metrics,0.0231,0.0625,0.0,0.0317,72,io.dropwizard.metrics.LongAdderImpl,0.6000,0.2619,1,1,1,0,0,0,1,2,0,0,0,1,6,0,4,15,13,11,2,0,0,1,0,1,0,0.0,0.0,105,1.0,15,1,1,0,1,0,1,0,1,0,0
io.dropwizard.metrics,0.0231,0.0625,0.0,0.0317,72,io.dropwizard.metrics.LongAdderFactoryTest,1.0000,1.0000,1,1,1,0,0,0,1,1,0,0,0,0,1,1,1,1,1,1,0,0,0,0,0,0,0,1,1,0,0,1,0,0,0,0,0,0,0,0,0,1
io.dropwizard.metrics,0.0231,0.0625,0.0,0.0317,72,io.dropwizard.metrics.UniformSnapshot,0.5636,0.2745,1,1,1,0,0,0,1,2,0,0,1,8,1,0,0,11,11,10,0,1,0,0,0,0,0,0.6545454545454545,0.6545454545454545,13,0.6363636363636364,11,2,2,0,2,0,1,0,2,0,1
io.dropwizard.metrics,0.0231,0.0625,0.0,0.0317,72,io.dropwizard.metrics.ManualClock,0.7333,0.3000,3,3,1,2,0,2,1,2,0,0,0,2,0,0,0,6,6,6,0,0,0,0,0,0,6,1.0,1.0,0,0.0,6,1,1,0,0,0,0,1,0,0,1
io.dropwizard.metrics,0.0231,0.0625,0.0,0.0317,72,io.dropwizard.metrics.InstrumentedExecutorService,0.5500,0.2619,3,3,2,1,0,1,2,1,0,0,2,0,6,1,5,16,15,15,1,0,0,0,0,0,0,1.0,1.0,0,0.6875,16,7,7,0,7,0,1,0,7,0,1
io.dropwizard.metrics,0.0231,0.0625,0.0,0.0317,72,io.dropwizard.metrics.CounterTest,1.0000,0.3333,1,1,1,0,0,0,1,1,0,0,0,0,3,0,3,5,5,5,0,0,0,0,0,0,0,1.0,1.0,0,0.0,5,1,1,0,1,0,0,0,1,0,1
io.dropwizard.metrics.influxdb.data,0.1111,0.0417,0.0,0.0159,3,io.dropwizard.metrics.influxdb.data.InfluxDbPointTest,1.0000,0.3333,1,1,1,0,0,0,1,1,0,0,0,0,2,1,2,3,3,3,0,0,0,0,0,0,0,0.0,0.0,3,0,3,0,0,0,0,0,0,0,0,0,1
io.dropwizard.metrics.influxdb.data,0.1111,0.0417,0.0,0.0159,3,io.dropwizard.metrics.influxdb.data.InfluxDbPoint,0.6288,0.2939,1,1,0,1,0,1,0,1,0,0,4,0,1,0,0,12,12,12,0,0,1,0,0,0,0,1.0,1.0,58,0.8333333333333334,12,4,4,0,4,0,0,0,0,0,1
io.dropwizard.metrics.influxdb.data,0.1111,0.0417,0.0,0.0159,3,io.dropwizard.metrics.influxdb.data.InfluxDbWriteObject,0.6250,0.2861,1,0,0,0,1,1,0,1,0,0,2,0,1,0,0,9,8,8,1,0,1,0,0,0,0,1.0,1.0,28,0.7777777777777777,9,3,3,0,3,0,0,0,0,0,1
io.dropwizard.metrics.influxdb,0.125,0.25,0.0476,0.0159,4,io.dropwizard.metrics.influxdb.InfluxDbHttpSender,0.5952,0.2857,3,1,1,0,2,0,3,1,0,0,2,0,6,2,6,7,7,7,0,0,0,0,0,0,0,1.0,1.0,0,0.6571428571428573,7,5,5,0,5,0,1,0,5,0,1
io.dropwizard.metrics.influxdb,0.125,0.25,0.0476,0.0159,4,io.dropwizard.metrics.influxdb.TimeUtils,1.0000,1.0000,1,1,0,1,0,1,0,1,0,0,0,0,0,0,0,1,1,1,0,0,1,0,0,0,0,1,1,0,0,1,0,0,0,0,0,0,0,0,0,1
io.dropwizard.metrics.influxdb,0.125,0.25,0.0476,0.0159,4,io.dropwizard.metrics.influxdb.InfluxDbReporter,0.6154,0.2833,8,1,0,1,7,2,6,2,0,0,2,1,26,0,18,13,2,2,11,0,1,0,0,0,0,0.0,0.0,40,0.7692307692307692,13,4,4,0,4,0,1,0,4,0,0
io.dropwizard.metrics.influxdb,0.125,0.25,0.0476,0.0159,4,io.dropwizard.metrics.influxdb.InfluxDbReporterTest,0.7949,0.3064,7,1,1,0,6,0,7,1,0,0,0,0,34,2,32,13,10,10,3,0,0,0,0,0,0,1.0,1.0,0,0.5961538461538463,13,4,4,0,4,0,0,0,0,0,1
